INFO  - progress: 0 of 325 (0%)WARN  - Can't compare types, unknown hierarchy: X.05j and X.05i
WARN  - Can't compare types, unknown hierarchy: X.05j and X.05i
WARN  - Can't compare types, unknown hierarchy: X.05j and X.05i
WARN  - Can't compare types, unknown hierarchy: X.05j and X.05i
INFO  - progress: 12 of 325 (3%)WARN  - Can't compare types, unknown hierarchy: X.017 and X.016
WARN  - Can't compare types, unknown hierarchy: X.MJt and java.lang.Throwable
WARN  - Can't compare types, unknown hierarchy: X.MJt and java.lang.Throwable
WARN  - Can't compare types, unknown hierarchy: com.google.protobuf.GeneratedMessageLite$MethodToInvoke and java.lang.Enum
WARN  - Can't compare types, unknown hierarchy: com.google.protobuf.GeneratedMessageLite$MethodToInvoke and java.lang.Enum
WARN  - Can't compare types, unknown hierarchy: X.05j and X.05i
WARN  - Can't compare types, unknown hierarchy: com.google.protobuf.GeneratedMessageLite$MethodToInvoke and java.lang.Enum
WARN  - Can't compare types, unknown hierarchy: com.google.protobuf.GeneratedMessageLite$MethodToInvoke and java.lang.Enum
WARN  - Can't compare types, unknown hierarchy: com.google.protobuf.GeneratedMessageLite$MethodToInvoke and java.lang.Enum
WARN  - Can't compare types, unknown hierarchy: com.google.protobuf.GeneratedMessageLite$MethodToInvoke and java.lang.Enum
WARN  - Can't compare types, unknown hierarchy: com.google.protobuf.GeneratedMessageLite$MethodToInvoke and java.lang.Enum
WARN  - Can't compare types, unknown hierarchy: X.Iii and kotlin.jvm.functions.Function0
WARN  - Can't compare types, unknown hierarchy: X.00m and X.00l
WARN  - Can't compare types, unknown hierarchy: X.01f and java.util.List
WARN  - Can't compare types, unknown hierarchy: X.01f and java.util.List
WARN  - Can't compare types, unknown hierarchy: com.google.protobuf.GeneratedMessageLite$MethodToInvoke and java.lang.Enum
WARN  - Can't compare types, unknown hierarchy: com.google.protobuf.GeneratedMessageLite$MethodToInvoke and java.lang.Enum
WARN  - Can't compare types, unknown hierarchy: com.google.protobuf.GeneratedMessageLite$MethodToInvoke and java.lang.Enum
WARN  - Can't compare types, unknown hierarchy: com.google.protobuf.GeneratedMessageLite$MethodToInvoke and java.lang.Enum
WARN  - Can't compare types, unknown hierarchy: com.google.protobuf.GeneratedMessageLite$MethodToInvoke and java.lang.Enum
WARN  - Can't compare types, unknown hierarchy: com.google.protobuf.GeneratedMessageLite$MethodToInvoke and java.lang.Enum
WARN  - Can't compare types, unknown hierarchy: com.google.protobuf.GeneratedMessageLite$MethodToInvoke and java.lang.Enum
WARN  - Can't compare types, unknown hierarchy: X.LEm and X.M6e
WARN  - Can't compare types, unknown hierarchy: java.lang.Runnable and X.LnM
WARN  - Can't compare types, unknown hierarchy: X.LnM and java.lang.Runnable
WARN  - Can't compare types, unknown hierarchy: com.google.protobuf.GeneratedMessageLite$MethodToInvoke and java.lang.Enum
WARN  - Can't compare types, unknown hierarchy: com.google.protobuf.GeneratedMessageLite$MethodToInvoke and java.lang.Enum
WARN  - Can't compare types, unknown hierarchy: com.google.protobuf.GeneratedMessageLite$MethodToInvoke and java.lang.Enum
WARN  - Can't compare types, unknown hierarchy: com.google.protobuf.GeneratedMessageLite$MethodToInvoke and java.lang.Enum
WARN  - Can't compare types, unknown hierarchy: com.google.protobuf.GeneratedMessageLite$MethodToInvoke and java.lang.Enum
WARN  - Can't compare types, unknown hierarchy: com.google.protobuf.GeneratedMessageLite$MethodToInvoke and java.lang.Enum
WARN  - Can't compare types, unknown hierarchy: com.google.protobuf.GeneratedMessageLite$MethodToInvoke and java.lang.Enum
WARN  - Can't compare types, unknown hierarchy: com.google.common.collect.ImmutableList and java.util.List
WARN  - Can't compare types, unknown hierarchy: com.google.common.collect.ImmutableList and java.util.List
WARN  - Can't compare types, unknown hierarchy: com.google.common.collect.ImmutableList and java.util.List
WARN  - Can't compare types, unknown hierarchy: com.google.common.collect.ImmutableList and java.util.List
WARN  - Can't compare types, unknown hierarchy: com.google.common.collect.ImmutableList and java.util.List
WARN  - Can't compare types, unknown hierarchy: com.google.common.collect.ImmutableList and java.util.List
WARN  - Can't compare types, unknown hierarchy: java.lang.Runnable and X.DdI
WARN  - Can't compare types, unknown hierarchy: X.DdI and java.lang.Runnable
WARN  - Can't compare types, unknown hierarchy: X.7QB and java.lang.Enum
WARN  - Can't compare types, unknown hierarchy: X.23o and java.lang.Throwable
INFO  - progress: 65 of 325 (20%)WARN  - Can't compare types, unknown hierarchy: X.05j and X.05i
WARN  - Can't compare types, unknown hierarchy: com.google.protobuf.DescriptorProtos$FileOptions and com.google.protobuf.GeneratedMessageLite
WARN  - Can't compare types, unknown hierarchy: com.facebook.secure.securewebview.SecureWebView and android.webkit.WebView
WARN  - Can't compare types, unknown hierarchy: X.05j and X.05i
WARN  - Can't compare types, unknown hierarchy: X.90a and X.9jr
WARN  - Can't compare types, unknown hierarchy: X.90a and X.9jr
WARN  - Can't compare types, unknown hierarchy: X.90a and X.9jr
WARN  - Can't compare types, unknown hierarchy: X.90a and X.9jr
WARN  - Can't compare types, unknown hierarchy: X.90a and X.9jr
WARN  - Can't compare types, unknown hierarchy: X.90a and X.9jr
WARN  - Can't compare types, unknown hierarchy: X.90a and X.9jr
WARN  - Can't compare types, unknown hierarchy: X.90a and X.9jr
WARN  - Can't compare types, unknown hierarchy: X.90a and X.9jr
WARN  - Can't compare types, unknown hierarchy: X.90a and X.9jr
WARN  - Can't compare types, unknown hierarchy: X.90a and X.9jr
WARN  - Can't compare types, unknown hierarchy: X.90a and X.9jr
WARN  - Can't compare types, unknown hierarchy: X.90a and X.9jr
WARN  - Can't compare types, unknown hierarchy: X.90a and X.9jr
WARN  - Can't compare types, unknown hierarchy: X.90a and X.9jr
WARN  - Can't compare types, unknown hierarchy: X.05j and X.05i
WARN  - Can't compare types, unknown hierarchy: X.05j and X.05i
WARN  - Can't compare types, unknown hierarchy: X.90a and X.9jr
WARN  - Can't compare types, unknown hierarchy: X.90a and X.9jr
WARN  - Can't compare types, unknown hierarchy: X.90a and X.9jr
WARN  - Can't compare types, unknown hierarchy: X.90a and X.9jr
WARN  - Can't compare types, unknown hierarchy: X.90a and X.9jr
WARN  - Can't compare types, unknown hierarchy: X.90a and X.9jr
WARN  - Can't compare types, unknown hierarchy: X.90a and X.9jr
WARN  - Can't compare types, unknown hierarchy: X.90a and X.9jr
WARN  - Can't compare types, unknown hierarchy: X.90a and X.9jr
WARN  - Can't compare types, unknown hierarchy: X.90a and X.9jr
WARN  - Can't compare types, unknown hierarchy: X.90a and X.9jr
WARN  - Can't compare types, unknown hierarchy: X.90a and X.9jr
WARN  - Can't compare types, unknown hierarchy: X.90a and X.9jr
WARN  - Can't compare types, unknown hierarchy: X.90a and X.9jr
WARN  - Can't compare types, unknown hierarchy: X.90a and X.9jr
WARN  - Can't compare types, unknown hierarchy: X.05j and X.05i
WARN  - Can't compare types, unknown hierarchy: X.AGJ and X.2uj
WARN  - Can't compare types, unknown hierarchy: X.05j and X.05i
WARN  - Can't compare types, unknown hierarchy: X.05j and X.05i
WARN  - Can't compare types, unknown hierarchy: X.05j and X.05i
WARN  - Can't compare types, unknown hierarchy: X.781 and X.1DO
WARN  - Can't compare types, unknown hierarchy: X.05C and X.00s
WARN  - Can't compare types, unknown hierarchy: X.05C and X.00s
WARN  - Can't compare types, unknown hierarchy: X.05C and X.00s
WARN  - Can't compare types, unknown hierarchy: X.05C and X.00s
WARN  - Can't compare types, unknown hierarchy: X.05C and X.00s
WARN  - Can't compare types, unknown hierarchy: X.05C and X.00s
WARN  - Can't compare types, unknown hierarchy: X.05C and X.00s
WARN  - Can't compare types, unknown hierarchy: X.05C and X.00s
WARN  - Can't compare types, unknown hierarchy: X.05C and X.00s
WARN  - Can't compare types, unknown hierarchy: X.05C and X.00s
WARN  - Can't compare types, unknown hierarchy: X.05C and X.00s
WARN  - Can't compare types, unknown hierarchy: X.781 and X.1DO
WARN  - Can't compare types, unknown hierarchy: X.781 and X.1DO
WARN  - Can't compare types, unknown hierarchy: X.05C and X.00s
WARN  - Can't compare types, unknown hierarchy: X.05C and X.00s
WARN  - Can't compare types, unknown hierarchy: X.05C and X.00s
WARN  - Can't compare types, unknown hierarchy: X.05C and X.00s
WARN  - Can't compare types, unknown hierarchy: X.05C and X.00s
WARN  - Can't compare types, unknown hierarchy: X.05C and X.00s
WARN  - Can't compare types, unknown hierarchy: X.05C and X.00s
WARN  - Can't compare types, unknown hierarchy: X.05C and X.00s
WARN  - Can't compare types, unknown hierarchy: X.05C and X.00s
WARN  - Can't compare types, unknown hierarchy: X.05C and X.00s
WARN  - Can't compare types, unknown hierarchy: X.05C and X.00s
WARN  - Can't compare types, unknown hierarchy: X.781 and X.1DO
WARN  - Can't compare types, unknown hierarchy: com.google.protobuf.GeneratedMessageLite$MethodToInvoke and java.lang.Enum
WARN  - Can't compare types, unknown hierarchy: com.google.protobuf.Parser and com.google.protobuf.GeneratedMessageLite$DefaultInstanceBasedParser
WARN  - Can't compare types, unknown hierarchy: com.google.protobuf.Parser and com.google.protobuf.GeneratedMessageLite$DefaultInstanceBasedParser
WARN  - Can't compare types, unknown hierarchy: com.google.protobuf.GeneratedMessageLite$DefaultInstanceBasedParser and com.google.protobuf.Parser
WARN  - Can't compare types, unknown hierarchy: com.google.protobuf.GeneratedMessageLite$DefaultInstanceBasedParser and com.google.protobuf.Parser
WARN  - Can't compare types, unknown hierarchy: com.google.protobuf.GeneratedMessageLite$DefaultInstanceBasedParser and com.google.protobuf.Parser
WARN  - Can't compare types, unknown hierarchy: com.google.protobuf.GeneratedMessageLite$DefaultInstanceBasedParser and com.google.protobuf.Parser
WARN  - Can't compare types, unknown hierarchy: X.PGC and com.google.protobuf.MessageLite
WARN  - Can't compare types, unknown hierarchy: com.google.protobuf.DescriptorProtos$EnumDescriptorProto$Builder and com.google.protobuf.GeneratedMessageLite$Builder
WARN  - Can't compare types, unknown hierarchy: com.google.protobuf.DescriptorProtos$EnumDescriptorProto and com.google.protobuf.GeneratedMessageLite
WARN  - Can't compare types, unknown hierarchy: com.google.protobuf.DescriptorProtos$EnumDescriptorProto$Builder and com.google.protobuf.GeneratedMessageLite$Builder
WARN  - Can't compare types, unknown hierarchy: com.google.protobuf.DescriptorProtos$EnumDescriptorProto and com.google.protobuf.GeneratedMessageLite
WARN  - Can't compare types, unknown hierarchy: com.google.protobuf.DescriptorProtos$FieldDescriptorProto$Builder and com.google.protobuf.GeneratedMessageLite$Builder
WARN  - Can't compare types, unknown hierarchy: com.google.protobuf.DescriptorProtos$FieldDescriptorProto and com.google.protobuf.GeneratedMessageLite
WARN  - Can't compare types, unknown hierarchy: com.google.protobuf.DescriptorProtos$FieldDescriptorProto$Builder and com.google.protobuf.GeneratedMessageLite$Builder
WARN  - Can't compare types, unknown hierarchy: com.google.protobuf.DescriptorProtos$FieldDescriptorProto and com.google.protobuf.GeneratedMessageLite
WARN  - Can't compare types, unknown hierarchy: com.google.protobuf.DescriptorProtos$DescriptorProto$ExtensionRange$Builder and com.google.protobuf.GeneratedMessageLite$Builder
WARN  - Can't compare types, unknown hierarchy: com.google.protobuf.DescriptorProtos$DescriptorProto$ExtensionRange and com.google.protobuf.GeneratedMessageLite
WARN  - Can't compare types, unknown hierarchy: com.google.protobuf.DescriptorProtos$DescriptorProto$ExtensionRange$Builder and com.google.protobuf.GeneratedMessageLite$Builder
WARN  - Can't compare types, unknown hierarchy: com.google.protobuf.DescriptorProtos$DescriptorProto$ExtensionRange and com.google.protobuf.GeneratedMessageLite
WARN  - Can't compare types, unknown hierarchy: com.google.protobuf.DescriptorProtos$FieldDescriptorProto$Builder and com.google.protobuf.GeneratedMessageLite$Builder
WARN  - Can't compare types, unknown hierarchy: com.google.protobuf.DescriptorProtos$FieldDescriptorProto and com.google.protobuf.GeneratedMessageLite
WARN  - Can't compare types, unknown hierarchy: com.google.protobuf.DescriptorProtos$FieldDescriptorProto$Builder and com.google.protobuf.GeneratedMessageLite$Builder
WARN  - Can't compare types, unknown hierarchy: com.google.protobuf.DescriptorProtos$FieldDescriptorProto and com.google.protobuf.GeneratedMessageLite
WARN  - Can't compare types, unknown hierarchy: com.google.protobuf.DescriptorProtos$OneofDescriptorProto$Builder and com.google.protobuf.GeneratedMessageLite$Builder
WARN  - Can't compare types, unknown hierarchy: com.google.protobuf.DescriptorProtos$OneofDescriptorProto and com.google.protobuf.GeneratedMessageLite
WARN  - Can't compare types, unknown hierarchy: com.google.protobuf.DescriptorProtos$OneofDescriptorProto$Builder and com.google.protobuf.GeneratedMessageLite$Builder
WARN  - Can't compare types, unknown hierarchy: com.google.protobuf.DescriptorProtos$OneofDescriptorProto and com.google.protobuf.GeneratedMessageLite
WARN  - Can't compare types, unknown hierarchy: com.google.protobuf.DescriptorProtos$DescriptorProto$ReservedRange$Builder and com.google.protobuf.GeneratedMessageLite$Builder
WARN  - Can't compare types, unknown hierarchy: com.google.protobuf.DescriptorProtos$DescriptorProto$ReservedRange and com.google.protobuf.GeneratedMessageLite
WARN  - Can't compare types, unknown hierarchy: com.google.protobuf.DescriptorProtos$DescriptorProto$ReservedRange$Builder and com.google.protobuf.GeneratedMessageLite$Builder
WARN  - Can't compare types, unknown hierarchy: com.google.protobuf.DescriptorProtos$DescriptorProto$ReservedRange and com.google.protobuf.GeneratedMessageLite
WARN  - Can't compare types, unknown hierarchy: com.google.protobuf.DescriptorProtos$EnumDescriptorProto$Builder and com.google.protobuf.GeneratedMessageLite$Builder
WARN  - Can't compare types, unknown hierarchy: com.google.protobuf.DescriptorProtos$EnumDescriptorProto and com.google.protobuf.GeneratedMessageLite
WARN  - Can't compare types, unknown hierarchy: com.google.protobuf.DescriptorProtos$FieldDescriptorProto$Builder and com.google.protobuf.GeneratedMessageLite$Builder
WARN  - Can't compare types, unknown hierarchy: com.google.protobuf.DescriptorProtos$FieldDescriptorProto and com.google.protobuf.GeneratedMessageLite
WARN  - Can't compare types, unknown hierarchy: com.google.protobuf.DescriptorProtos$DescriptorProto$ExtensionRange$Builder and com.google.protobuf.GeneratedMessageLite$Builder
WARN  - Can't compare types, unknown hierarchy: com.google.protobuf.DescriptorProtos$DescriptorProto$ExtensionRange and com.google.protobuf.GeneratedMessageLite
WARN  - Can't compare types, unknown hierarchy: com.google.protobuf.DescriptorProtos$FieldDescriptorProto$Builder and com.google.protobuf.GeneratedMessageLite$Builder
WARN  - Can't compare types, unknown hierarchy: com.google.protobuf.DescriptorProtos$FieldDescriptorProto and com.google.protobuf.GeneratedMessageLite
WARN  - Can't compare types, unknown hierarchy: com.google.protobuf.DescriptorProtos$OneofDescriptorProto$Builder and com.google.protobuf.GeneratedMessageLite$Builder
WARN  - Can't compare types, unknown hierarchy: com.google.protobuf.DescriptorProtos$OneofDescriptorProto and com.google.protobuf.GeneratedMessageLite
WARN  - Can't compare types, unknown hierarchy: com.google.protobuf.DescriptorProtos$MessageOptions$Builder and com.google.protobuf.GeneratedMessageLite$Builder
WARN  - Can't compare types, unknown hierarchy: com.google.protobuf.DescriptorProtos$MessageOptions and com.google.protobuf.GeneratedMessageLite
WARN  - Can't compare types, unknown hierarchy: com.google.protobuf.DescriptorProtos$DescriptorProto$ReservedRange$Builder and com.google.protobuf.GeneratedMessageLite$Builder
WARN  - Can't compare types, unknown hierarchy: com.google.protobuf.DescriptorProtos$DescriptorProto$ReservedRange and com.google.protobuf.GeneratedMessageLite
WARN  - Can't compare types, unknown hierarchy: com.google.protobuf.ProtobufArrayList and com.google.protobuf.Internal$ProtobufList
WARN  - Can't compare types, unknown hierarchy: com.google.protobuf.Internal$ProtobufList and java.util.List
WARN  - Can't compare types, unknown hierarchy: com.google.protobuf.GeneratedMessageLite$MethodToInvoke and java.lang.Enum
WARN  - Can't compare types, unknown hierarchy: com.google.protobuf.Internal$ProtobufList and java.util.List
WARN  - Can't compare types, unknown hierarchy: com.google.protobuf.Parser and com.google.protobuf.GeneratedMessageLite$DefaultInstanceBasedParser
WARN  - Can't compare types, unknown hierarchy: com.google.protobuf.Internal$ProtobufList and java.util.List
WARN  - Can't compare types, unknown hierarchy: com.google.protobuf.Parser and com.google.protobuf.GeneratedMessageLite$DefaultInstanceBasedParser
WARN  - Can't compare types, unknown hierarchy: com.google.protobuf.Internal$ProtobufList and java.util.List
WARN  - Can't compare types, unknown hierarchy: com.google.protobuf.GeneratedMessageLite$DefaultInstanceBasedParser and com.google.protobuf.Parser
WARN  - Can't compare types, unknown hierarchy: com.google.protobuf.GeneratedMessageLite$DefaultInstanceBasedParser and com.google.protobuf.Parser
WARN  - Can't compare types, unknown hierarchy: com.google.protobuf.Internal$ProtobufList and java.util.List
WARN  - Can't compare types, unknown hierarchy: com.google.protobuf.GeneratedMessageLite$DefaultInstanceBasedParser and com.google.protobuf.Parser
WARN  - Can't compare types, unknown hierarchy: com.google.protobuf.GeneratedMessageLite$DefaultInstanceBasedParser and com.google.protobuf.Parser
WARN  - Can't compare types, unknown hierarchy: com.google.protobuf.Internal$ProtobufList and java.util.List
WARN  - Can't compare types, unknown hierarchy: com.google.protobuf.Internal$ProtobufList and java.util.List
WARN  - Can't compare types, unknown hierarchy: X.PGC and com.google.protobuf.MessageLite
WARN  - Can't compare types, unknown hierarchy: com.google.protobuf.Internal$ProtobufList and java.util.List
WARN  - Can't compare types, unknown hierarchy: com.google.protobuf.Internal$ProtobufList and java.util.List
WARN  - Can't compare types, unknown hierarchy: com.google.protobuf.Internal$ProtobufList and java.util.List
WARN  - Can't compare types, unknown hierarchy: com.google.protobuf.Internal$ProtobufList and java.util.List
WARN  - Can't compare types, unknown hierarchy: com.google.protobuf.Internal$ProtobufList and java.util.List
WARN  - Can't compare types, unknown hierarchy: com.google.protobuf.Internal$ProtobufList and java.util.List
WARN  - Can't compare types, unknown hierarchy: com.google.protobuf.Internal$ProtobufList and java.util.List
WARN  - Can't compare types, unknown hierarchy: com.google.protobuf.Internal$ProtobufList and java.util.List
WARN  - Can't compare types, unknown hierarchy: com.google.protobuf.Internal$ProtobufList and java.util.List
WARN  - Can't compare types, unknown hierarchy: com.google.protobuf.Internal$ProtobufList and java.util.List
WARN  - Can't compare types, unknown hierarchy: com.google.protobuf.Internal$ProtobufList and java.util.List
WARN  - Can't compare types, unknown hierarchy: com.google.protobuf.Internal$ProtobufList and java.util.List
WARN  - Can't compare types, unknown hierarchy: com.google.protobuf.Internal$ProtobufList and java.util.List
WARN  - Can't compare types, unknown hierarchy: com.google.protobuf.Internal$ProtobufList and java.util.List
WARN  - Can't compare types, unknown hierarchy: com.google.protobuf.Internal$ProtobufList and java.util.List
WARN  - Can't compare types, unknown hierarchy: com.google.protobuf.Internal$ProtobufList and java.util.List
WARN  - Can't compare types, unknown hierarchy: com.google.protobuf.Internal$ProtobufList and java.util.List
WARN  - Can't compare types, unknown hierarchy: com.google.protobuf.ProtobufArrayList and com.google.protobuf.Internal$ProtobufList
WARN  - Can't compare types, unknown hierarchy: com.google.protobuf.ProtobufArrayList and com.google.protobuf.Internal$ProtobufList
WARN  - Can't compare types, unknown hierarchy: com.google.protobuf.ProtobufArrayList and com.google.protobuf.Internal$ProtobufList
WARN  - Can't compare types, unknown hierarchy: com.google.protobuf.ProtobufArrayList and com.google.protobuf.Internal$ProtobufList
WARN  - Can't compare types, unknown hierarchy: com.google.protobuf.ProtobufArrayList and com.google.protobuf.Internal$ProtobufList
WARN  - Can't compare types, unknown hierarchy: com.google.protobuf.ProtobufArrayList and com.google.protobuf.Internal$ProtobufList
WARN  - Can't compare types, unknown hierarchy: com.google.protobuf.ProtobufArrayList and com.google.protobuf.Internal$ProtobufList
WARN  - Can't compare types, unknown hierarchy: com.google.protobuf.ProtobufArrayList and com.google.protobuf.Internal$ProtobufList
WARN  - Can't compare types, unknown hierarchy: com.google.protobuf.DescriptorProtos$MessageOptions and com.google.protobuf.GeneratedMessageLite
WARN  - Can't compare types, unknown hierarchy: com.google.protobuf.DescriptorProtos$MessageOptions and com.google.protobuf.GeneratedMessageLite
WARN  - Can't compare types, unknown hierarchy: com.google.protobuf.DescriptorProtos$MessageOptions and com.google.protobuf.GeneratedMessageLite
WARN  - Can't compare types, unknown hierarchy: com.google.protobuf.DescriptorProtos$MessageOptions and com.google.protobuf.GeneratedMessageLite$ExtendableMessage
WARN  - Can't compare types, unknown hierarchy: com.google.protobuf.DescriptorProtos$MessageOptions$Builder and com.google.protobuf.GeneratedMessageLite$Builder
WARN  - Can't compare types, unknown hierarchy: com.google.protobuf.DescriptorProtos$MessageOptions$Builder and com.google.protobuf.GeneratedMessageLite$ExtendableBuilder
WARN  - Can't compare types, unknown hierarchy: com.google.protobuf.Internal$ProtobufList and java.util.List
WARN  - Can't compare types, unknown hierarchy: com.google.protobuf.Internal$ProtobufList and java.util.List
WARN  - Can't compare types, unknown hierarchy: com.google.protobuf.Internal$ProtobufList and java.util.List
WARN  - Can't compare types, unknown hierarchy: com.google.protobuf.Internal$ProtobufList and java.util.List
WARN  - Can't compare types, unknown hierarchy: com.google.protobuf.Internal$ProtobufList and java.util.List
WARN  - Can't compare types, unknown hierarchy: com.google.protobuf.Internal$ProtobufList and java.util.List
WARN  - Can't compare types, unknown hierarchy: com.google.protobuf.Internal$ProtobufList and java.util.List
WARN  - Can't compare types, unknown hierarchy: com.google.protobuf.Internal$ProtobufList and java.util.List
WARN  - Can't compare types, unknown hierarchy: com.google.protobuf.Internal$ProtobufList and java.util.List
WARN  - Can't compare types, unknown hierarchy: com.google.protobuf.Internal$ProtobufList and java.util.List
WARN  - Can't compare types, unknown hierarchy: com.google.protobuf.Internal$ProtobufList and java.util.List
WARN  - Can't compare types, unknown hierarchy: com.google.protobuf.Internal$ProtobufList and java.util.List
WARN  - Can't compare types, unknown hierarchy: com.google.protobuf.Internal$ProtobufList and java.util.List
WARN  - Can't compare types, unknown hierarchy: com.google.protobuf.Internal$ProtobufList and java.util.List
WARN  - Can't compare types, unknown hierarchy: com.google.protobuf.Internal$ProtobufList and java.util.List
WARN  - Can't compare types, unknown hierarchy: com.google.protobuf.GeneratedMessageLite$MethodToInvoke and java.lang.Enum
WARN  - Can't compare types, unknown hierarchy: com.google.protobuf.Parser and com.google.protobuf.GeneratedMessageLite$DefaultInstanceBasedParser
WARN  - Can't compare types, unknown hierarchy: com.google.protobuf.Parser and com.google.protobuf.GeneratedMessageLite$DefaultInstanceBasedParser
WARN  - Can't compare types, unknown hierarchy: com.google.protobuf.GeneratedMessageLite$DefaultInstanceBasedParser and com.google.protobuf.Parser
WARN  - Can't compare types, unknown hierarchy: com.google.protobuf.GeneratedMessageLite$DefaultInstanceBasedParser and com.google.protobuf.Parser
WARN  - Can't compare types, unknown hierarchy: com.google.protobuf.GeneratedMessageLite$DefaultInstanceBasedParser and com.google.protobuf.Parser
WARN  - Can't compare types, unknown hierarchy: com.google.protobuf.GeneratedMessageLite$DefaultInstanceBasedParser and com.google.protobuf.Parser
WARN  - Can't compare types, unknown hierarchy: com.google.protobuf.DescriptorProtos$DescriptorProto and com.google.protobuf.MessageLite
WARN  - Can't compare types, unknown hierarchy: com.google.protobuf.Internal$ProtobufList and java.util.List
WARN  - Can't compare types, unknown hierarchy: com.google.protobuf.Internal$ProtobufList and java.util.List
WARN  - Can't compare types, unknown hierarchy: com.google.protobuf.Internal$ProtobufList and java.util.List
WARN  - Can't compare types, unknown hierarchy: com.google.protobuf.Internal$ProtobufList and java.util.List
WARN  - Can't compare types, unknown hierarchy: com.google.protobuf.Internal$ProtobufList and java.util.List
WARN  - Can't compare types, unknown hierarchy: com.google.protobuf.Internal$ProtobufList and java.util.List
WARN  - Can't compare types, unknown hierarchy: com.google.protobuf.Internal$ProtobufList and java.util.List
WARN  - Can't compare types, unknown hierarchy: com.google.protobuf.Internal$ProtobufList and java.util.List
WARN  - Can't compare types, unknown hierarchy: com.google.protobuf.Internal$ProtobufList and java.util.List
WARN  - Can't compare types, unknown hierarchy: com.google.protobuf.Internal$ProtobufList and java.util.List
WARN  - Can't compare types, unknown hierarchy: com.google.protobuf.Internal$ProtobufList and java.util.List
WARN  - Can't compare types, unknown hierarchy: com.google.protobuf.Internal$ProtobufList and java.util.List
WARN  - Can't compare types, unknown hierarchy: com.google.protobuf.Internal$ProtobufList and java.util.List
WARN  - Can't compare types, unknown hierarchy: com.google.protobuf.Internal$ProtobufList and java.util.List
WARN  - Can't compare types, unknown hierarchy: com.google.protobuf.Internal$ProtobufList and java.util.List
WARN  - Can't compare types, unknown hierarchy: com.google.protobuf.Internal$ProtobufList and java.util.List
WARN  - Can't compare types, unknown hierarchy: com.google.protobuf.Internal$ProtobufList and java.util.List
WARN  - Can't compare types, unknown hierarchy: com.google.protobuf.Internal$ProtobufList and java.util.List
WARN  - Can't compare types, unknown hierarchy: com.google.protobuf.Internal$ProtobufList and java.util.List
WARN  - Can't compare types, unknown hierarchy: com.google.protobuf.Internal$ProtobufList and java.util.List
WARN  - Can't compare types, unknown hierarchy: com.google.protobuf.Internal$ProtobufList and java.util.List
WARN  - Can't compare types, unknown hierarchy: com.google.protobuf.Internal$ProtobufList and java.util.List
WARN  - Can't compare types, unknown hierarchy: com.google.protobuf.Internal$ProtobufList and java.util.List
WARN  - Can't compare types, unknown hierarchy: com.google.protobuf.Internal$ProtobufList and java.util.List
WARN  - Can't compare types, unknown hierarchy: com.google.protobuf.Internal$ProtobufList and java.util.List
WARN  - Can't compare types, unknown hierarchy: com.google.protobuf.Internal$ProtobufList and java.util.List
WARN  - Can't compare types, unknown hierarchy: com.google.protobuf.Internal$ProtobufList and java.util.List
WARN  - Can't compare types, unknown hierarchy: com.google.protobuf.Internal$ProtobufList and java.util.List
WARN  - Can't compare types, unknown hierarchy: com.google.protobuf.Internal$ProtobufList and java.util.List
WARN  - Can't compare types, unknown hierarchy: com.google.protobuf.Internal$ProtobufList and java.util.List
WARN  - Can't compare types, unknown hierarchy: com.google.protobuf.Internal$ProtobufList and java.util.List
WARN  - Can't compare types, unknown hierarchy: com.google.protobuf.Internal$ProtobufList and java.util.List
WARN  - Can't compare types, unknown hierarchy: com.google.protobuf.Internal$ProtobufList and java.util.List
WARN  - Can't compare types, unknown hierarchy: com.google.protobuf.Internal$ProtobufList and java.util.List
WARN  - Can't compare types, unknown hierarchy: com.google.protobuf.Internal$ProtobufList and java.util.List
WARN  - Can't compare types, unknown hierarchy: com.google.protobuf.Internal$ProtobufList and java.util.List
WARN  - Can't compare types, unknown hierarchy: com.google.protobuf.Internal$ProtobufList and java.util.List
WARN  - Can't compare types, unknown hierarchy: com.google.protobuf.Internal$ProtobufList and java.util.List
WARN  - Can't compare types, unknown hierarchy: com.google.protobuf.Internal$ProtobufList and java.util.List
WARN  - Can't compare types, unknown hierarchy: com.facebook.oxygen.sdk.app.installapi.contract.OxInstallSdkException and java.lang.Throwable
WARN  - Can't compare types, unknown hierarchy: com.facebook.oxygen.sdk.app.installapi.contract.OxInstallSdkException and java.lang.Throwable
WARN  - Can't compare types, unknown hierarchy: com.google.protobuf.DescriptorProtos$EnumDescriptorProto$Builder and com.google.protobuf.GeneratedMessageLite$Builder
WARN  - Can't compare types, unknown hierarchy: com.google.protobuf.DescriptorProtos$EnumDescriptorProto and com.google.protobuf.GeneratedMessageLite
WARN  - Can't compare types, unknown hierarchy: com.google.protobuf.DescriptorProtos$EnumDescriptorProto$Builder and com.google.protobuf.GeneratedMessageLite$Builder
WARN  - Can't compare types, unknown hierarchy: com.google.protobuf.DescriptorProtos$EnumDescriptorProto and com.google.protobuf.GeneratedMessageLite
WARN  - Can't compare types, unknown hierarchy: com.google.protobuf.DescriptorProtos$FieldDescriptorProto$Builder and com.google.protobuf.GeneratedMessageLite$Builder
WARN  - Can't compare types, unknown hierarchy: com.google.protobuf.DescriptorProtos$FieldDescriptorProto and com.google.protobuf.GeneratedMessageLite
WARN  - Can't compare types, unknown hierarchy: com.google.protobuf.DescriptorProtos$FieldDescriptorProto$Builder and com.google.protobuf.GeneratedMessageLite$Builder
WARN  - Can't compare types, unknown hierarchy: com.google.protobuf.DescriptorProtos$FieldDescriptorProto and com.google.protobuf.GeneratedMessageLite
WARN  - Can't compare types, unknown hierarchy: com.google.protobuf.DescriptorProtos$DescriptorProto$ExtensionRange$Builder and com.google.protobuf.GeneratedMessageLite$Builder
WARN  - Can't compare types, unknown hierarchy: com.google.protobuf.DescriptorProtos$DescriptorProto$ExtensionRange and com.google.protobuf.GeneratedMessageLite
WARN  - Can't compare types, unknown hierarchy: com.google.protobuf.DescriptorProtos$DescriptorProto$ExtensionRange$Builder and com.google.protobuf.GeneratedMessageLite$Builder
WARN  - Can't compare types, unknown hierarchy: com.google.protobuf.DescriptorProtos$DescriptorProto$ExtensionRange and com.google.protobuf.GeneratedMessageLite
WARN  - Can't compare types, unknown hierarchy: com.google.protobuf.DescriptorProtos$FieldDescriptorProto$Builder and com.google.protobuf.GeneratedMessageLite$Builder
WARN  - Can't compare types, unknown hierarchy: com.google.protobuf.DescriptorProtos$FieldDescriptorProto and com.google.protobuf.GeneratedMessageLite
WARN  - Can't compare types, unknown hierarchy: com.google.protobuf.DescriptorProtos$FieldDescriptorProto$Builder and com.google.protobuf.GeneratedMessageLite$Builder
WARN  - Can't compare types, unknown hierarchy: com.google.protobuf.DescriptorProtos$FieldDescriptorProto and com.google.protobuf.GeneratedMessageLite
WARN  - Can't compare types, unknown hierarchy: com.google.protobuf.DescriptorProtos$OneofDescriptorProto$Builder and com.google.protobuf.GeneratedMessageLite$Builder
WARN  - Can't compare types, unknown hierarchy: com.google.protobuf.DescriptorProtos$OneofDescriptorProto and com.google.protobuf.GeneratedMessageLite
WARN  - Can't compare types, unknown hierarchy: com.google.protobuf.DescriptorProtos$OneofDescriptorProto$Builder and com.google.protobuf.GeneratedMessageLite$Builder
WARN  - Can't compare types, unknown hierarchy: com.google.protobuf.DescriptorProtos$OneofDescriptorProto and com.google.protobuf.GeneratedMessageLite
WARN  - Can't compare types, unknown hierarchy: com.google.protobuf.DescriptorProtos$DescriptorProto$ReservedRange$Builder and com.google.protobuf.GeneratedMessageLite$Builder
WARN  - Can't compare types, unknown hierarchy: com.google.protobuf.DescriptorProtos$DescriptorProto$ReservedRange and com.google.protobuf.GeneratedMessageLite
WARN  - Can't compare types, unknown hierarchy: com.google.protobuf.DescriptorProtos$DescriptorProto$ReservedRange$Builder and com.google.protobuf.GeneratedMessageLite$Builder
WARN  - Can't compare types, unknown hierarchy: com.google.protobuf.DescriptorProtos$DescriptorProto$ReservedRange and com.google.protobuf.GeneratedMessageLite
WARN  - Can't compare types, unknown hierarchy: com.google.protobuf.DescriptorProtos$EnumDescriptorProto$Builder and com.google.protobuf.GeneratedMessageLite$Builder
WARN  - Can't compare types, unknown hierarchy: com.google.protobuf.DescriptorProtos$EnumDescriptorProto and com.google.protobuf.GeneratedMessageLite
WARN  - Can't compare types, unknown hierarchy: com.google.protobuf.DescriptorProtos$FieldDescriptorProto$Builder and com.google.protobuf.GeneratedMessageLite$Builder
WARN  - Can't compare types, unknown hierarchy: com.google.protobuf.DescriptorProtos$FieldDescriptorProto and com.google.protobuf.GeneratedMessageLite
WARN  - Can't compare types, unknown hierarchy: com.google.protobuf.DescriptorProtos$DescriptorProto$ExtensionRange$Builder and com.google.protobuf.GeneratedMessageLite$Builder
WARN  - Can't compare types, unknown hierarchy: com.google.protobuf.DescriptorProtos$DescriptorProto$ExtensionRange and com.google.protobuf.GeneratedMessageLite
WARN  - Can't compare types, unknown hierarchy: com.google.protobuf.DescriptorProtos$FieldDescriptorProto$Builder and com.google.protobuf.GeneratedMessageLite$Builder
WARN  - Can't compare types, unknown hierarchy: com.google.protobuf.DescriptorProtos$FieldDescriptorProto and com.google.protobuf.GeneratedMessageLite
WARN  - Can't compare types, unknown hierarchy: com.google.protobuf.DescriptorProtos$OneofDescriptorProto$Builder and com.google.protobuf.GeneratedMessageLite$Builder
WARN  - Can't compare types, unknown hierarchy: com.google.protobuf.DescriptorProtos$OneofDescriptorProto and com.google.protobuf.GeneratedMessageLite
WARN  - Can't compare types, unknown hierarchy: com.google.protobuf.DescriptorProtos$MessageOptions$Builder and com.google.protobuf.GeneratedMessageLite$Builder
WARN  - Can't compare types, unknown hierarchy: com.google.protobuf.DescriptorProtos$MessageOptions and com.google.protobuf.GeneratedMessageLite
WARN  - Can't compare types, unknown hierarchy: com.google.protobuf.DescriptorProtos$DescriptorProto$ReservedRange$Builder and com.google.protobuf.GeneratedMessageLite$Builder
WARN  - Can't compare types, unknown hierarchy: com.google.protobuf.DescriptorProtos$DescriptorProto$ReservedRange and com.google.protobuf.GeneratedMessageLite
WARN  - Can't compare types, unknown hierarchy: com.google.protobuf.ProtobufArrayList and com.google.protobuf.Internal$ProtobufList
WARN  - Can't compare types, unknown hierarchy: com.google.protobuf.Internal$ProtobufList and java.util.List
WARN  - Can't compare types, unknown hierarchy: com.google.protobuf.Internal$ProtobufList and java.util.List
WARN  - Can't compare types, unknown hierarchy: com.google.protobuf.Internal$ProtobufList and java.util.List
WARN  - Can't compare types, unknown hierarchy: com.google.protobuf.Internal$ProtobufList and java.util.List
WARN  - Can't compare types, unknown hierarchy: com.google.protobuf.Internal$ProtobufList and java.util.List
WARN  - Can't compare types, unknown hierarchy: com.google.protobuf.Internal$ProtobufList and java.util.List
WARN  - Can't compare types, unknown hierarchy: com.google.protobuf.Internal$ProtobufList and java.util.List
WARN  - Can't compare types, unknown hierarchy: com.google.protobuf.Internal$ProtobufList and java.util.List
WARN  - Can't compare types, unknown hierarchy: com.google.protobuf.Internal$ProtobufList and java.util.List
WARN  - Can't compare types, unknown hierarchy: com.google.protobuf.Internal$ProtobufList and java.util.List
WARN  - Can't compare types, unknown hierarchy: com.google.protobuf.Internal$ProtobufList and java.util.List
WARN  - Can't compare types, unknown hierarchy: com.google.protobuf.Internal$ProtobufList and java.util.List
WARN  - Can't compare types, unknown hierarchy: com.google.protobuf.Internal$ProtobufList and java.util.List
WARN  - Can't compare types, unknown hierarchy: com.google.protobuf.Internal$ProtobufList and java.util.List
WARN  - Can't compare types, unknown hierarchy: com.google.protobuf.Internal$ProtobufList and java.util.List
WARN  - Can't compare types, unknown hierarchy: com.google.protobuf.Internal$ProtobufList and java.util.List
WARN  - Can't compare types, unknown hierarchy: com.google.protobuf.Internal$ProtobufList and java.util.List
WARN  - Can't compare types, unknown hierarchy: com.google.protobuf.Internal$ProtobufList and java.util.List
WARN  - Can't compare types, unknown hierarchy: com.google.protobuf.Internal$ProtobufList and java.util.List
WARN  - Can't compare types, unknown hierarchy: com.google.protobuf.Internal$ProtobufList and java.util.List
WARN  - Can't compare types, unknown hierarchy: com.google.protobuf.Internal$ProtobufList and java.util.List
WARN  - Can't compare types, unknown hierarchy: com.google.protobuf.Internal$ProtobufList and java.util.List
WARN  - Can't compare types, unknown hierarchy: com.google.protobuf.Internal$ProtobufList and java.util.List
WARN  - Can't compare types, unknown hierarchy: com.google.protobuf.Internal$ProtobufList and java.util.List
WARN  - Can't compare types, unknown hierarchy: com.google.protobuf.ProtobufArrayList and com.google.protobuf.Internal$ProtobufList
WARN  - Can't compare types, unknown hierarchy: com.google.protobuf.ProtobufArrayList and com.google.protobuf.Internal$ProtobufList
WARN  - Can't compare types, unknown hierarchy: com.google.protobuf.ProtobufArrayList and com.google.protobuf.Internal$ProtobufList
WARN  - Can't compare types, unknown hierarchy: com.google.protobuf.ProtobufArrayList and com.google.protobuf.Internal$ProtobufList
WARN  - Can't compare types, unknown hierarchy: com.google.protobuf.ProtobufArrayList and com.google.protobuf.Internal$ProtobufList
WARN  - Can't compare types, unknown hierarchy: com.google.protobuf.ProtobufArrayList and com.google.protobuf.Internal$ProtobufList
WARN  - Can't compare types, unknown hierarchy: com.google.protobuf.ProtobufArrayList and com.google.protobuf.Internal$ProtobufList
WARN  - Can't compare types, unknown hierarchy: com.google.protobuf.ProtobufArrayList and com.google.protobuf.Internal$ProtobufList
WARN  - Can't compare types, unknown hierarchy: com.google.protobuf.DescriptorProtos$MessageOptions and com.google.protobuf.GeneratedMessageLite
WARN  - Can't compare types, unknown hierarchy: com.google.protobuf.DescriptorProtos$MessageOptions and com.google.protobuf.GeneratedMessageLite
WARN  - Can't compare types, unknown hierarchy: com.google.protobuf.DescriptorProtos$MessageOptions and com.google.protobuf.GeneratedMessageLite
WARN  - Can't compare types, unknown hierarchy: com.google.protobuf.DescriptorProtos$MessageOptions and com.google.protobuf.GeneratedMessageLite$ExtendableMessage
WARN  - Can't compare types, unknown hierarchy: com.google.protobuf.DescriptorProtos$MessageOptions$Builder and com.google.protobuf.GeneratedMessageLite$Builder
WARN  - Can't compare types, unknown hierarchy: com.google.protobuf.DescriptorProtos$MessageOptions$Builder and com.google.protobuf.GeneratedMessageLite$ExtendableBuilder
WARN  - Can't compare types, unknown hierarchy: com.google.protobuf.Internal$ProtobufList and java.util.List
WARN  - Can't compare types, unknown hierarchy: com.google.protobuf.Internal$ProtobufList and java.util.List
WARN  - Can't compare types, unknown hierarchy: com.google.protobuf.Internal$ProtobufList and java.util.List
WARN  - Can't compare types, unknown hierarchy: com.google.protobuf.Internal$ProtobufList and java.util.List
WARN  - Can't compare types, unknown hierarchy: com.google.protobuf.Internal$ProtobufList and java.util.List
WARN  - Can't compare types, unknown hierarchy: com.google.protobuf.Internal$ProtobufList and java.util.List
WARN  - Can't compare types, unknown hierarchy: com.google.protobuf.Internal$ProtobufList and java.util.List
WARN  - Can't compare types, unknown hierarchy: com.google.protobuf.Internal$ProtobufList and java.util.List
WARN  - Can't compare types, unknown hierarchy: com.google.protobuf.Internal$ProtobufList and java.util.List
WARN  - Can't compare types, unknown hierarchy: com.google.protobuf.Internal$ProtobufList and java.util.List
WARN  - Can't compare types, unknown hierarchy: com.google.protobuf.Internal$ProtobufList and java.util.List
WARN  - Can't compare types, unknown hierarchy: com.google.protobuf.Internal$ProtobufList and java.util.List
WARN  - Can't compare types, unknown hierarchy: com.google.protobuf.Internal$ProtobufList and java.util.List
WARN  - Can't compare types, unknown hierarchy: com.google.protobuf.Internal$ProtobufList and java.util.List
WARN  - Can't compare types, unknown hierarchy: com.google.protobuf.Internal$ProtobufList and java.util.List
WARN  - Can't compare types, unknown hierarchy: com.google.protobuf.GeneratedMessageLite$MethodToInvoke and java.lang.Enum
WARN  - Can't compare types, unknown hierarchy: com.google.protobuf.Parser and com.google.protobuf.GeneratedMessageLite$DefaultInstanceBasedParser
WARN  - Can't compare types, unknown hierarchy: com.google.protobuf.Parser and com.google.protobuf.GeneratedMessageLite$DefaultInstanceBasedParser
WARN  - Can't compare types, unknown hierarchy: com.google.protobuf.GeneratedMessageLite$DefaultInstanceBasedParser and com.google.protobuf.Parser
WARN  - Can't compare types, unknown hierarchy: com.google.protobuf.GeneratedMessageLite$DefaultInstanceBasedParser and com.google.protobuf.Parser
WARN  - Can't compare types, unknown hierarchy: com.google.protobuf.GeneratedMessageLite$DefaultInstanceBasedParser and com.google.protobuf.Parser
WARN  - Can't compare types, unknown hierarchy: com.google.protobuf.GeneratedMessageLite$DefaultInstanceBasedParser and com.google.protobuf.Parser
WARN  - Can't compare types, unknown hierarchy: com.google.protobuf.DescriptorProtos$DescriptorProto and com.google.protobuf.MessageLite
WARN  - Can't compare types, unknown hierarchy: com.google.protobuf.Internal$ProtobufList and java.util.List
WARN  - Can't compare types, unknown hierarchy: com.google.protobuf.Internal$ProtobufList and java.util.List
WARN  - Can't compare types, unknown hierarchy: com.google.protobuf.Internal$ProtobufList and java.util.List
WARN  - Can't compare types, unknown hierarchy: com.google.protobuf.Internal$ProtobufList and java.util.List
WARN  - Can't compare types, unknown hierarchy: com.google.protobuf.Internal$ProtobufList and java.util.List
WARN  - Can't compare types, unknown hierarchy: com.google.protobuf.Internal$ProtobufList and java.util.List
WARN  - Can't compare types, unknown hierarchy: com.google.protobuf.Internal$ProtobufList and java.util.List
WARN  - Can't compare types, unknown hierarchy: com.google.protobuf.Internal$ProtobufList and java.util.List
WARN  - Can't compare types, unknown hierarchy: com.google.protobuf.Internal$ProtobufList and java.util.List
WARN  - Can't compare types, unknown hierarchy: com.google.protobuf.Internal$ProtobufList and java.util.List
WARN  - Can't compare types, unknown hierarchy: com.google.protobuf.Internal$ProtobufList and java.util.List
WARN  - Can't compare types, unknown hierarchy: com.google.protobuf.Internal$ProtobufList and java.util.List
WARN  - Can't compare types, unknown hierarchy: com.google.protobuf.Internal$ProtobufList and java.util.List
WARN  - Can't compare types, unknown hierarchy: com.google.protobuf.Internal$ProtobufList and java.util.List
WARN  - Can't compare types, unknown hierarchy: com.google.protobuf.Internal$ProtobufList and java.util.List
WARN  - Can't compare types, unknown hierarchy: com.google.protobuf.Internal$ProtobufList and java.util.List
WARN  - Can't compare types, unknown hierarchy: com.google.protobuf.Internal$ProtobufList and java.util.List
WARN  - Can't compare types, unknown hierarchy: com.google.protobuf.Internal$ProtobufList and java.util.List
WARN  - Can't compare types, unknown hierarchy: com.google.protobuf.Internal$ProtobufList and java.util.List
WARN  - Can't compare types, unknown hierarchy: com.google.protobuf.Internal$ProtobufList and java.util.List
WARN  - Can't compare types, unknown hierarchy: com.google.protobuf.Internal$ProtobufList and java.util.List
WARN  - Can't compare types, unknown hierarchy: com.google.protobuf.Internal$ProtobufList and java.util.List
WARN  - Can't compare types, unknown hierarchy: com.google.protobuf.Internal$ProtobufList and java.util.List
WARN  - Can't compare types, unknown hierarchy: com.google.protobuf.Internal$ProtobufList and java.util.List
WARN  - Can't compare types, unknown hierarchy: com.google.protobuf.Internal$ProtobufList and java.util.List
WARN  - Can't compare types, unknown hierarchy: com.google.protobuf.Internal$ProtobufList and java.util.List
WARN  - Can't compare types, unknown hierarchy: com.google.protobuf.Internal$ProtobufList and java.util.List
WARN  - Can't compare types, unknown hierarchy: com.google.protobuf.Internal$ProtobufList and java.util.List
WARN  - Can't compare types, unknown hierarchy: com.google.protobuf.Internal$ProtobufList and java.util.List
WARN  - Can't compare types, unknown hierarchy: com.google.protobuf.Internal$ProtobufList and java.util.List
WARN  - Can't compare types, unknown hierarchy: com.google.protobuf.Internal$ProtobufList and java.util.List
WARN  - Can't compare types, unknown hierarchy: com.google.protobuf.Internal$ProtobufList and java.util.List
WARN  - Can't compare types, unknown hierarchy: com.google.protobuf.Internal$ProtobufList and java.util.List
WARN  - Can't compare types, unknown hierarchy: com.google.protobuf.Internal$ProtobufList and java.util.List
WARN  - Can't compare types, unknown hierarchy: com.google.protobuf.Internal$ProtobufList and java.util.List
WARN  - Can't compare types, unknown hierarchy: com.google.protobuf.Internal$ProtobufList and java.util.List
WARN  - Can't compare types, unknown hierarchy: com.google.protobuf.Internal$ProtobufList and java.util.List
WARN  - Can't compare types, unknown hierarchy: com.google.protobuf.Internal$ProtobufList and java.util.List
WARN  - Can't compare types, unknown hierarchy: com.google.protobuf.Internal$ProtobufList and java.util.List
WARN  - Code restructure failed: missing block: B:64:0x00f1, code lost:

    if (r6 == 8388608) goto L65;
 in method: X.PNo.A0A(X.PNp, int[], int, int):void, file: C:\Users\Dell\Downloads\indianchat-extracted\_dex\classes12.dex
WARN  - Code restructure failed: missing block: B:74:0x018b, code lost:

    if (r1.charAt(0) == '[') goto L122;
 in method: X.PNo.A0D(X.PNl, X.PNp, int, int):void, file: C:\Users\Dell\Downloads\indianchat-extracted\_dex\classes12.dex
WARN  - Can't compare types, unknown hierarchy: X.23o and java.lang.Throwable
WARN  - Can't compare types, unknown hierarchy: X.23o and java.lang.Throwable
WARN  - Can't compare types, unknown hierarchy: X.05B and X.00s
WARN  - Can't compare types, unknown hierarchy: X.05B and X.00s
WARN  - Can't compare types, unknown hierarchy: X.05F and X.00s
WARN  - Can't compare types, unknown hierarchy: X.05B and X.00s
WARN  - Can't compare types, unknown hierarchy: X.05F and X.00s
WARN  - Can't compare types, unknown hierarchy: X.05B and X.00s
WARN  - Can't compare types, unknown hierarchy: X.05B and X.00s
ERROR - JadxOverflowException in pass: LoopRegionVisitor in method: X.PNe.A02(short):void, file: C:\Users\Dell\Downloads\indianchat-extracted\_dex\classes12.dex, details: LoopRegionVisitor.assignOnlyInLoop endless recursion
INFO  - progress: 173 of 325 (53%)WARN  - Can't compare types, unknown hierarchy: X.00m and X.00l
WARN  - Can't compare types, unknown hierarchy: X.07r and X.00D
WARN  - Can't compare types, unknown hierarchy: X.1mV and X.0FE
WARN  - Can't compare types, unknown hierarchy: com.google.protobuf.DescriptorProtos$FileOptions and com.google.protobuf.GeneratedMessageLite
WARN  - Can't compare types, unknown hierarchy: com.google.protobuf.DescriptorProtos$FileOptions$Builder and com.google.protobuf.GeneratedMessageLite$Builder
WARN  - Can't compare types, unknown hierarchy: com.google.protobuf.DescriptorProtos$FileOptions$Builder and com.google.protobuf.GeneratedMessageLite$Builder
WARN  - Can't compare types, unknown hierarchy: com.google.protobuf.DescriptorProtos$UninterpretedOption$Builder and com.google.protobuf.GeneratedMessageLite$Builder
WARN  - Can't compare types, unknown hierarchy: com.google.protobuf.DescriptorProtos$UninterpretedOption and com.google.protobuf.GeneratedMessageLite
WARN  - Can't compare types, unknown hierarchy: com.google.protobuf.DescriptorProtos$FileOptions$Builder and com.google.protobuf.GeneratedMessageLite$Builder
WARN  - Can't compare types, unknown hierarchy: com.google.protobuf.DescriptorProtos$FileOptions$Builder and com.google.protobuf.GeneratedMessageLite$Builder
WARN  - Can't compare types, unknown hierarchy: com.google.protobuf.DescriptorProtos$UninterpretedOption$Builder and com.google.protobuf.GeneratedMessageLite$Builder
WARN  - Can't compare types, unknown hierarchy: com.google.protobuf.DescriptorProtos$UninterpretedOption and com.google.protobuf.GeneratedMessageLite
WARN  - Can't compare types, unknown hierarchy: com.google.protobuf.DescriptorProtos$FileOptions$Builder and com.google.protobuf.GeneratedMessageLite$Builder
WARN  - Can't compare types, unknown hierarchy: com.google.protobuf.DescriptorProtos$FileOptions$Builder and com.google.protobuf.GeneratedMessageLite$Builder
WARN  - Can't compare types, unknown hierarchy: com.google.protobuf.DescriptorProtos$FileOptions$Builder and com.google.protobuf.GeneratedMessageLite$Builder
WARN  - Can't compare types, unknown hierarchy: com.google.protobuf.DescriptorProtos$FileOptions$Builder and com.google.protobuf.GeneratedMessageLite$Builder
WARN  - Can't compare types, unknown hierarchy: com.google.protobuf.DescriptorProtos$FileOptions$Builder and com.google.protobuf.GeneratedMessageLite$Builder
WARN  - Can't compare types, unknown hierarchy: com.google.protobuf.DescriptorProtos$FileOptions$Builder and com.google.protobuf.GeneratedMessageLite$Builder
WARN  - Can't compare types, unknown hierarchy: com.google.protobuf.DescriptorProtos$FileOptions$Builder and com.google.protobuf.GeneratedMessageLite$Builder
WARN  - Can't compare types, unknown hierarchy: com.google.protobuf.DescriptorProtos$FileOptions$Builder and com.google.protobuf.GeneratedMessageLite$Builder
WARN  - Can't compare types, unknown hierarchy: com.google.protobuf.DescriptorProtos$FileOptions$Builder and com.google.protobuf.GeneratedMessageLite$Builder
WARN  - Can't compare types, unknown hierarchy: com.google.protobuf.DescriptorProtos$FileOptions$Builder and com.google.protobuf.GeneratedMessageLite$Builder
WARN  - Can't compare types, unknown hierarchy: com.google.protobuf.DescriptorProtos$FileOptions$Builder and com.google.protobuf.GeneratedMessageLite$Builder
WARN  - Can't compare types, unknown hierarchy: com.google.protobuf.DescriptorProtos$FileOptions$Builder and com.google.protobuf.GeneratedMessageLite$Builder
WARN  - Can't compare types, unknown hierarchy: com.google.protobuf.DescriptorProtos$FileOptions$Builder and com.google.protobuf.GeneratedMessageLite$Builder
WARN  - Can't compare types, unknown hierarchy: com.google.protobuf.DescriptorProtos$FileOptions$Builder and com.google.protobuf.GeneratedMessageLite$Builder
WARN  - Can't compare types, unknown hierarchy: com.google.protobuf.DescriptorProtos$FileOptions$Builder and com.google.protobuf.GeneratedMessageLite$Builder
WARN  - Can't compare types, unknown hierarchy: com.google.protobuf.DescriptorProtos$FileOptions$Builder and com.google.protobuf.GeneratedMessageLite$Builder
WARN  - Can't compare types, unknown hierarchy: com.google.protobuf.DescriptorProtos$FileOptions$Builder and com.google.protobuf.GeneratedMessageLite$Builder
WARN  - Can't compare types, unknown hierarchy: com.google.protobuf.DescriptorProtos$FileOptions and com.google.protobuf.GeneratedMessageLite
WARN  - Can't compare types, unknown hierarchy: com.google.protobuf.DescriptorProtos$FileOptions$Builder and com.google.protobuf.GeneratedMessageLite$Builder
WARN  - Can't compare types, unknown hierarchy: com.google.protobuf.DescriptorProtos$FileOptions and com.google.protobuf.GeneratedMessageLite
WARN  - Can't compare types, unknown hierarchy: com.google.protobuf.DescriptorProtos$FileOptions$Builder and com.google.protobuf.GeneratedMessageLite$Builder
WARN  - Can't compare types, unknown hierarchy: com.google.protobuf.DescriptorProtos$FileOptions and com.google.protobuf.GeneratedMessageLite
WARN  - Can't compare types, unknown hierarchy: com.google.protobuf.DescriptorProtos$FileOptions$Builder and com.google.protobuf.GeneratedMessageLite$Builder
WARN  - Can't compare types, unknown hierarchy: com.google.protobuf.DescriptorProtos$FileOptions and com.google.protobuf.GeneratedMessageLite
WARN  - Can't compare types, unknown hierarchy: com.google.protobuf.DescriptorProtos$FileOptions$Builder and com.google.protobuf.GeneratedMessageLite$Builder
WARN  - Can't compare types, unknown hierarchy: com.google.protobuf.DescriptorProtos$FileOptions and com.google.protobuf.GeneratedMessageLite
WARN  - Can't compare types, unknown hierarchy: com.google.protobuf.DescriptorProtos$FileOptions$Builder and com.google.protobuf.GeneratedMessageLite$Builder
WARN  - Can't compare types, unknown hierarchy: com.google.protobuf.DescriptorProtos$FileOptions and com.google.protobuf.GeneratedMessageLite
WARN  - Can't compare types, unknown hierarchy: com.google.protobuf.DescriptorProtos$FileOptions$Builder and com.google.protobuf.GeneratedMessageLite$Builder
WARN  - Can't compare types, unknown hierarchy: com.google.protobuf.DescriptorProtos$FileOptions and com.google.protobuf.GeneratedMessageLite
WARN  - Can't compare types, unknown hierarchy: com.google.protobuf.DescriptorProtos$FileOptions$Builder and com.google.protobuf.GeneratedMessageLite$Builder
WARN  - Can't compare types, unknown hierarchy: com.google.protobuf.DescriptorProtos$FileOptions and com.google.protobuf.GeneratedMessageLite
WARN  - Can't compare types, unknown hierarchy: com.google.protobuf.DescriptorProtos$FileOptions$Builder and com.google.protobuf.GeneratedMessageLite$Builder
WARN  - Can't compare types, unknown hierarchy: com.google.protobuf.DescriptorProtos$FileOptions and com.google.protobuf.GeneratedMessageLite
WARN  - Can't compare types, unknown hierarchy: com.google.protobuf.DescriptorProtos$FileOptions$Builder and com.google.protobuf.GeneratedMessageLite$Builder
WARN  - Can't compare types, unknown hierarchy: com.google.protobuf.DescriptorProtos$FileOptions and com.google.protobuf.GeneratedMessageLite
WARN  - Can't compare types, unknown hierarchy: com.google.protobuf.DescriptorProtos$FileOptions$Builder and com.google.protobuf.GeneratedMessageLite$Builder
WARN  - Can't compare types, unknown hierarchy: com.google.protobuf.DescriptorProtos$FileOptions and com.google.protobuf.GeneratedMessageLite
WARN  - Can't compare types, unknown hierarchy: com.google.protobuf.DescriptorProtos$FileOptions$Builder and com.google.protobuf.GeneratedMessageLite$Builder
WARN  - Can't compare types, unknown hierarchy: com.google.protobuf.DescriptorProtos$FileOptions and com.google.protobuf.GeneratedMessageLite
WARN  - Can't compare types, unknown hierarchy: com.google.protobuf.DescriptorProtos$FileOptions$Builder and com.google.protobuf.GeneratedMessageLite$Builder
WARN  - Can't compare types, unknown hierarchy: com.google.protobuf.DescriptorProtos$FileOptions and com.google.protobuf.GeneratedMessageLite
WARN  - Can't compare types, unknown hierarchy: com.google.protobuf.DescriptorProtos$FileOptions$Builder and com.google.protobuf.GeneratedMessageLite$Builder
WARN  - Can't compare types, unknown hierarchy: com.google.protobuf.DescriptorProtos$FileOptions and com.google.protobuf.GeneratedMessageLite
WARN  - Can't compare types, unknown hierarchy: com.google.protobuf.DescriptorProtos$FileOptions$Builder and com.google.protobuf.GeneratedMessageLite$Builder
WARN  - Can't compare types, unknown hierarchy: com.google.protobuf.DescriptorProtos$FileOptions and com.google.protobuf.GeneratedMessageLite
WARN  - Can't compare types, unknown hierarchy: com.google.protobuf.DescriptorProtos$FileOptions$Builder and com.google.protobuf.GeneratedMessageLite$Builder
WARN  - Can't compare types, unknown hierarchy: com.google.protobuf.DescriptorProtos$FileOptions and com.google.protobuf.GeneratedMessageLite
WARN  - Can't compare types, unknown hierarchy: com.google.protobuf.DescriptorProtos$FileOptions$Builder and com.google.protobuf.GeneratedMessageLite$Builder
WARN  - Can't compare types, unknown hierarchy: com.google.protobuf.DescriptorProtos$FileOptions and com.google.protobuf.GeneratedMessageLite
WARN  - Can't compare types, unknown hierarchy: com.google.protobuf.DescriptorProtos$FileOptions$Builder and com.google.protobuf.GeneratedMessageLite$Builder
WARN  - Can't compare types, unknown hierarchy: com.google.protobuf.DescriptorProtos$FileOptions and com.google.protobuf.GeneratedMessageLite
WARN  - Can't compare types, unknown hierarchy: com.google.protobuf.DescriptorProtos$FileOptions$Builder and com.google.protobuf.GeneratedMessageLite$Builder
WARN  - Can't compare types, unknown hierarchy: com.google.protobuf.DescriptorProtos$FileOptions and com.google.protobuf.GeneratedMessageLite
WARN  - Can't compare types, unknown hierarchy: com.google.protobuf.DescriptorProtos$FileOptions$Builder and com.google.protobuf.GeneratedMessageLite$Builder
WARN  - Can't compare types, unknown hierarchy: com.google.protobuf.DescriptorProtos$FileOptions and com.google.protobuf.GeneratedMessageLite
WARN  - Can't compare types, unknown hierarchy: com.google.protobuf.DescriptorProtos$FileOptions$Builder and com.google.protobuf.GeneratedMessageLite$Builder
WARN  - Can't compare types, unknown hierarchy: com.google.protobuf.DescriptorProtos$FileOptions and com.google.protobuf.GeneratedMessageLite
WARN  - Can't compare types, unknown hierarchy: com.google.protobuf.DescriptorProtos$FileOptions$Builder and com.google.protobuf.GeneratedMessageLite$Builder
WARN  - Can't compare types, unknown hierarchy: com.google.protobuf.DescriptorProtos$FileOptions and com.google.protobuf.GeneratedMessageLite
WARN  - Can't compare types, unknown hierarchy: com.google.protobuf.DescriptorProtos$FileOptions$Builder and com.google.protobuf.GeneratedMessageLite$Builder
WARN  - Can't compare types, unknown hierarchy: com.google.protobuf.DescriptorProtos$FileOptions and com.google.protobuf.GeneratedMessageLite
WARN  - Can't compare types, unknown hierarchy: com.google.protobuf.DescriptorProtos$FileOptions$Builder and com.google.protobuf.GeneratedMessageLite$Builder
WARN  - Can't compare types, unknown hierarchy: com.google.protobuf.DescriptorProtos$FileOptions and com.google.protobuf.GeneratedMessageLite
WARN  - Can't compare types, unknown hierarchy: com.google.protobuf.DescriptorProtos$FileOptions$Builder and com.google.protobuf.GeneratedMessageLite$Builder
WARN  - Can't compare types, unknown hierarchy: com.google.protobuf.DescriptorProtos$FileOptions and com.google.protobuf.GeneratedMessageLite
WARN  - Can't compare types, unknown hierarchy: com.google.protobuf.DescriptorProtos$FileOptions$Builder and com.google.protobuf.GeneratedMessageLite$Builder
WARN  - Can't compare types, unknown hierarchy: com.google.protobuf.DescriptorProtos$FileOptions and com.google.protobuf.GeneratedMessageLite
WARN  - Can't compare types, unknown hierarchy: com.google.protobuf.DescriptorProtos$FileOptions$Builder and com.google.protobuf.GeneratedMessageLite$Builder
WARN  - Can't compare types, unknown hierarchy: com.google.protobuf.DescriptorProtos$FileOptions and com.google.protobuf.GeneratedMessageLite
WARN  - Can't compare types, unknown hierarchy: com.google.protobuf.DescriptorProtos$FileOptions$Builder and com.google.protobuf.GeneratedMessageLite$Builder
WARN  - Can't compare types, unknown hierarchy: com.google.protobuf.DescriptorProtos$FileOptions and com.google.protobuf.GeneratedMessageLite
ERROR - JadxOverflowException in pass: LoopRegionVisitor in method: X.PNe.A02(short):void, file: C:\Users\Dell\Downloads\indianchat-extracted\_dex\classes12.dex, details: LoopRegionVisitor.assignOnlyInLoop endless recursion
WARN  - Can't compare types, unknown hierarchy: com.google.protobuf.DescriptorProtos$FileOptions$Builder and com.google.protobuf.GeneratedMessageLite$Builder
WARN  - Can't compare types, unknown hierarchy: com.google.protobuf.DescriptorProtos$FileOptions and com.google.protobuf.GeneratedMessageLite
WARN  - Can't compare types, unknown hierarchy: com.google.protobuf.DescriptorProtos$FileOptions$Builder and com.google.protobuf.GeneratedMessageLite$Builder
WARN  - Can't compare types, unknown hierarchy: com.google.protobuf.DescriptorProtos$FileOptions and com.google.protobuf.GeneratedMessageLite
WARN  - Can't compare types, unknown hierarchy: com.google.protobuf.DescriptorProtos$FileOptions$Builder and com.google.protobuf.GeneratedMessageLite$Builder
WARN  - Can't compare types, unknown hierarchy: com.google.protobuf.DescriptorProtos$FileOptions and com.google.protobuf.GeneratedMessageLite
WARN  - Can't compare types, unknown hierarchy: com.google.protobuf.DescriptorProtos$FileOptions$Builder and com.google.protobuf.GeneratedMessageLite$Builder
WARN  - Can't compare types, unknown hierarchy: com.google.protobuf.DescriptorProtos$FileOptions and com.google.protobuf.GeneratedMessageLite
WARN  - Can't compare types, unknown hierarchy: com.google.protobuf.DescriptorProtos$FileOptions$Builder and com.google.protobuf.GeneratedMessageLite$Builder
WARN  - Can't compare types, unknown hierarchy: com.google.protobuf.DescriptorProtos$FileOptions and com.google.protobuf.GeneratedMessageLite
WARN  - Can't compare types, unknown hierarchy: com.google.protobuf.DescriptorProtos$FileOptions$Builder and com.google.protobuf.GeneratedMessageLite$Builder
WARN  - Can't compare types, unknown hierarchy: com.google.protobuf.DescriptorProtos$FileOptions and com.google.protobuf.GeneratedMessageLite
WARN  - Can't compare types, unknown hierarchy: com.google.protobuf.DescriptorProtos$FileOptions$Builder and com.google.protobuf.GeneratedMessageLite$Builder
WARN  - Can't compare types, unknown hierarchy: com.google.protobuf.DescriptorProtos$FileOptions and com.google.protobuf.GeneratedMessageLite
WARN  - Can't compare types, unknown hierarchy: com.google.protobuf.DescriptorProtos$FileOptions$Builder and com.google.protobuf.GeneratedMessageLite$Builder
WARN  - Can't compare types, unknown hierarchy: com.google.protobuf.DescriptorProtos$FileOptions and com.google.protobuf.GeneratedMessageLite
WARN  - Can't compare types, unknown hierarchy: com.google.protobuf.DescriptorProtos$FileOptions$Builder and com.google.protobuf.GeneratedMessageLite$Builder
WARN  - Can't compare types, unknown hierarchy: com.google.protobuf.DescriptorProtos$FileOptions$Builder and com.google.protobuf.GeneratedMessageLite$Builder
WARN  - Can't compare types, unknown hierarchy: com.google.protobuf.DescriptorProtos$FileOptions$Builder and com.google.protobuf.GeneratedMessageLite$Builder
WARN  - Can't compare types, unknown hierarchy: com.google.protobuf.DescriptorProtos$FileOptions$Builder and com.google.protobuf.GeneratedMessageLite$Builder
WARN  - Can't compare types, unknown hierarchy: com.google.protobuf.DescriptorProtos$FileOptions$Builder and com.google.protobuf.GeneratedMessageLite$Builder
WARN  - Can't compare types, unknown hierarchy: com.google.protobuf.DescriptorProtos$FileOptions$Builder and com.google.protobuf.GeneratedMessageLite$Builder
WARN  - Can't compare types, unknown hierarchy: com.google.protobuf.DescriptorProtos$FileOptions$Builder and com.google.protobuf.GeneratedMessageLite$Builder
WARN  - Can't compare types, unknown hierarchy: com.google.protobuf.DescriptorProtos$FileOptions$Builder and com.google.protobuf.GeneratedMessageLite$Builder
WARN  - Can't compare types, unknown hierarchy: com.google.protobuf.DescriptorProtos$FileOptions$Builder and com.google.protobuf.GeneratedMessageLite$Builder
WARN  - Can't compare types, unknown hierarchy: com.google.protobuf.DescriptorProtos$FileOptions$Builder and com.google.protobuf.GeneratedMessageLite$Builder
WARN  - Can't compare types, unknown hierarchy: com.google.protobuf.DescriptorProtos$FileOptions$Builder and com.google.protobuf.GeneratedMessageLite$Builder
WARN  - Can't compare types, unknown hierarchy: com.google.protobuf.DescriptorProtos$FileOptions$Builder and com.google.protobuf.GeneratedMessageLite$Builder
WARN  - Can't compare types, unknown hierarchy: com.google.protobuf.DescriptorProtos$FileOptions$Builder and com.google.protobuf.GeneratedMessageLite$Builder
WARN  - Can't compare types, unknown hierarchy: com.google.protobuf.DescriptorProtos$FileOptions$Builder and com.google.protobuf.GeneratedMessageLite$Builder
WARN  - Can't compare types, unknown hierarchy: com.google.protobuf.DescriptorProtos$FileOptions$Builder and com.google.protobuf.GeneratedMessageLite$Builder
WARN  - Can't compare types, unknown hierarchy: com.google.protobuf.DescriptorProtos$FileOptions$Builder and com.google.protobuf.GeneratedMessageLite$Builder
WARN  - Can't compare types, unknown hierarchy: com.google.protobuf.DescriptorProtos$FileOptions$Builder and com.google.protobuf.GeneratedMessageLite$Builder
WARN  - Can't compare types, unknown hierarchy: com.google.protobuf.DescriptorProtos$FileOptions$Builder and com.google.protobuf.GeneratedMessageLite$Builder
WARN  - Can't compare types, unknown hierarchy: com.google.protobuf.DescriptorProtos$FileOptions$Builder and com.google.protobuf.GeneratedMessageLite$Builder
WARN  - Can't compare types, unknown hierarchy: com.google.protobuf.DescriptorProtos$FileOptions$Builder and com.google.protobuf.GeneratedMessageLite$Builder
WARN  - Can't compare types, unknown hierarchy: com.google.protobuf.DescriptorProtos$FileOptions$Builder and com.google.protobuf.GeneratedMessageLite$Builder
WARN  - Can't compare types, unknown hierarchy: com.google.protobuf.DescriptorProtos$UninterpretedOption$Builder and com.google.protobuf.GeneratedMessageLite$Builder
WARN  - Can't compare types, unknown hierarchy: com.google.protobuf.DescriptorProtos$UninterpretedOption and com.google.protobuf.GeneratedMessageLite
WARN  - Can't compare types, unknown hierarchy: com.google.protobuf.DescriptorProtos$FileOptions$Builder and com.google.protobuf.GeneratedMessageLite$Builder
WARN  - Can't compare types, unknown hierarchy: com.google.protobuf.DescriptorProtos$FileOptions and com.google.protobuf.GeneratedMessageLite
WARN  - Can't compare types, unknown hierarchy: com.google.protobuf.ProtobufArrayList and com.google.protobuf.Internal$ProtobufList
WARN  - Can't compare types, unknown hierarchy: com.google.protobuf.Internal$ProtobufList and java.util.List
WARN  - Can't compare types, unknown hierarchy: com.google.protobuf.Internal$ProtobufList and java.util.List
WARN  - Can't compare types, unknown hierarchy: com.google.protobuf.Internal$ProtobufList and java.util.List
WARN  - Can't compare types, unknown hierarchy: com.google.protobuf.ProtobufArrayList and com.google.protobuf.Internal$ProtobufList
WARN  - Can't compare types, unknown hierarchy: com.google.protobuf.DescriptorProtos$FileOptions and com.google.protobuf.GeneratedMessageLite
WARN  - Can't compare types, unknown hierarchy: com.google.protobuf.DescriptorProtos$FileOptions$Builder and com.google.protobuf.GeneratedMessageLite$Builder
WARN  - Can't compare types, unknown hierarchy: com.google.protobuf.DescriptorProtos$FileOptions and com.google.protobuf.GeneratedMessageLite
WARN  - Can't compare types, unknown hierarchy: com.google.protobuf.DescriptorProtos$FileOptions and com.google.protobuf.GeneratedMessageLite
WARN  - Can't compare types, unknown hierarchy: com.google.protobuf.DescriptorProtos$FileOptions$Builder and com.google.protobuf.GeneratedMessageLite$Builder
WARN  - Can't compare types, unknown hierarchy: com.google.protobuf.DescriptorProtos$FileOptions$Builder and com.google.protobuf.GeneratedMessageLite$Builder
WARN  - Can't compare types, unknown hierarchy: com.google.protobuf.DescriptorProtos$FileOptions and com.google.protobuf.GeneratedMessageLite
WARN  - Can't compare types, unknown hierarchy: com.google.protobuf.DescriptorProtos$FileOptions and com.google.protobuf.GeneratedMessageLite
WARN  - Can't compare types, unknown hierarchy: com.google.protobuf.DescriptorProtos$FileOptions and com.google.protobuf.GeneratedMessageLite
WARN  - Can't compare types, unknown hierarchy: com.google.protobuf.DescriptorProtos$FileOptions and com.google.protobuf.GeneratedMessageLite
WARN  - Can't compare types, unknown hierarchy: com.google.protobuf.DescriptorProtos$FileOptions and com.google.protobuf.GeneratedMessageLite
WARN  - Can't compare types, unknown hierarchy: com.google.protobuf.DescriptorProtos$FileOptions and com.google.protobuf.GeneratedMessageLite
WARN  - Can't compare types, unknown hierarchy: com.google.protobuf.DescriptorProtos$FileOptions and com.google.protobuf.GeneratedMessageLite
WARN  - Can't compare types, unknown hierarchy: com.google.protobuf.DescriptorProtos$FileOptions and com.google.protobuf.GeneratedMessageLite
WARN  - Can't compare types, unknown hierarchy: com.google.protobuf.DescriptorProtos$FileOptions and com.google.protobuf.GeneratedMessageLite
WARN  - Can't compare types, unknown hierarchy: com.google.protobuf.DescriptorProtos$FileOptions and com.google.protobuf.GeneratedMessageLite
WARN  - Can't compare types, unknown hierarchy: com.google.protobuf.DescriptorProtos$FileOptions and com.google.protobuf.GeneratedMessageLite
WARN  - Can't compare types, unknown hierarchy: com.google.protobuf.DescriptorProtos$FileOptions and com.google.protobuf.GeneratedMessageLite
WARN  - Can't compare types, unknown hierarchy: com.google.protobuf.DescriptorProtos$FileOptions and com.google.protobuf.GeneratedMessageLite
WARN  - Can't compare types, unknown hierarchy: com.google.protobuf.DescriptorProtos$FileOptions and com.google.protobuf.GeneratedMessageLite
WARN  - Can't compare types, unknown hierarchy: com.google.protobuf.DescriptorProtos$FileOptions and com.google.protobuf.GeneratedMessageLite
WARN  - Can't compare types, unknown hierarchy: com.google.protobuf.DescriptorProtos$FileOptions and com.google.protobuf.GeneratedMessageLite
WARN  - Can't compare types, unknown hierarchy: com.google.protobuf.DescriptorProtos$FileOptions and com.google.protobuf.GeneratedMessageLite
WARN  - Can't compare types, unknown hierarchy: com.google.protobuf.DescriptorProtos$FileOptions and com.google.protobuf.GeneratedMessageLite
WARN  - Can't compare types, unknown hierarchy: com.google.protobuf.DescriptorProtos$FileOptions and com.google.protobuf.GeneratedMessageLite
WARN  - Can't compare types, unknown hierarchy: com.google.protobuf.DescriptorProtos$FileOptions and com.google.protobuf.GeneratedMessageLite
WARN  - Can't compare types, unknown hierarchy: com.google.protobuf.DescriptorProtos$FileOptions and com.google.protobuf.GeneratedMessageLite
WARN  - Can't compare types, unknown hierarchy: com.google.protobuf.DescriptorProtos$FileOptions and com.google.protobuf.GeneratedMessageLite
WARN  - Can't compare types, unknown hierarchy: com.google.protobuf.DescriptorProtos$FileOptions and com.google.protobuf.GeneratedMessageLite
WARN  - Can't compare types, unknown hierarchy: com.google.protobuf.DescriptorProtos$FileOptions and com.google.protobuf.GeneratedMessageLite
WARN  - Can't compare types, unknown hierarchy: com.google.protobuf.DescriptorProtos$FileOptions and com.google.protobuf.GeneratedMessageLite
WARN  - Can't compare types, unknown hierarchy: com.google.protobuf.Internal$ProtobufList and java.util.List
WARN  - Can't compare types, unknown hierarchy: com.google.protobuf.Internal$ProtobufList and java.util.List
WARN  - Can't compare types, unknown hierarchy: com.google.protobuf.GeneratedMessageLite$MethodToInvoke and java.lang.Enum
WARN  - Can't compare types, unknown hierarchy: com.google.protobuf.Parser and com.google.protobuf.GeneratedMessageLite$DefaultInstanceBasedParser
WARN  - Can't compare types, unknown hierarchy: com.google.protobuf.Parser and com.google.protobuf.GeneratedMessageLite$DefaultInstanceBasedParser
WARN  - Can't compare types, unknown hierarchy: com.google.protobuf.DescriptorProtos$FileOptions and com.google.protobuf.GeneratedMessageLite
WARN  - Can't compare types, unknown hierarchy: com.google.protobuf.GeneratedMessageLite$DefaultInstanceBasedParser and com.google.protobuf.Parser
WARN  - Can't compare types, unknown hierarchy: com.google.protobuf.GeneratedMessageLite$DefaultInstanceBasedParser and com.google.protobuf.Parser
WARN  - Can't compare types, unknown hierarchy: com.google.protobuf.GeneratedMessageLite$DefaultInstanceBasedParser and com.google.protobuf.Parser
WARN  - Can't compare types, unknown hierarchy: com.google.protobuf.GeneratedMessageLite$DefaultInstanceBasedParser and com.google.protobuf.Parser
WARN  - Can't compare types, unknown hierarchy: com.google.protobuf.DescriptorProtos$FileOptions and com.google.protobuf.MessageLite
WARN  - Code restructure failed: missing block: B:179:0x01e2, code lost:

    if (r3 == X.AbstractC0149PLh.A0E) goto L180;
 in method: X.PO0.BSL(android.view.KeyEvent):X.PH8, file: C:\Users\Dell\Downloads\indianchat-extracted\_dex\classes12.dex
WARN  - Can't compare types, unknown hierarchy: com.google.protobuf.Internal$ProtobufList and java.util.List
WARN  - Can't compare types, unknown hierarchy: com.google.protobuf.Internal$ProtobufList and java.util.List
WARN  - Can't compare types, unknown hierarchy: com.google.protobuf.Internal$ProtobufList and java.util.List
WARN  - Can't compare types, unknown hierarchy: com.google.protobuf.Internal$ProtobufList and java.util.List
WARN  - Can't compare types, unknown hierarchy: com.google.protobuf.Internal$ProtobufList and java.util.List
WARN  - Code restructure failed: missing block: B:179:0x01e2, code lost:

    if (r3 == X.AbstractC0149PLh.A0E) goto L180;
 in method: X.PO0.BSL(android.view.KeyEvent):X.PH8, file: C:\Users\Dell\Downloads\indianchat-extracted\_dex\classes12.dex
WARN  - Can't compare types, unknown hierarchy: com.google.protobuf.DescriptorProtos$FileOptions and com.google.protobuf.GeneratedMessageLite
WARN  - Can't compare types, unknown hierarchy: com.google.protobuf.DescriptorProtos$FileOptions$Builder and com.google.protobuf.GeneratedMessageLite$Builder
WARN  - Can't compare types, unknown hierarchy: com.google.protobuf.DescriptorProtos$FileOptions$Builder and com.google.protobuf.GeneratedMessageLite$Builder
WARN  - Can't compare types, unknown hierarchy: com.google.protobuf.DescriptorProtos$UninterpretedOption$Builder and com.google.protobuf.GeneratedMessageLite$Builder
WARN  - Can't compare types, unknown hierarchy: com.google.protobuf.DescriptorProtos$UninterpretedOption and com.google.protobuf.GeneratedMessageLite
WARN  - Can't compare types, unknown hierarchy: com.google.protobuf.DescriptorProtos$FileOptions$Builder and com.google.protobuf.GeneratedMessageLite$Builder
WARN  - Can't compare types, unknown hierarchy: com.google.protobuf.DescriptorProtos$FileOptions$Builder and com.google.protobuf.GeneratedMessageLite$Builder
WARN  - Can't compare types, unknown hierarchy: com.google.protobuf.DescriptorProtos$UninterpretedOption$Builder and com.google.protobuf.GeneratedMessageLite$Builder
WARN  - Can't compare types, unknown hierarchy: com.google.protobuf.DescriptorProtos$UninterpretedOption and com.google.protobuf.GeneratedMessageLite
WARN  - Can't compare types, unknown hierarchy: com.google.protobuf.DescriptorProtos$FileOptions$Builder and com.google.protobuf.GeneratedMessageLite$Builder
WARN  - Can't compare types, unknown hierarchy: com.google.protobuf.DescriptorProtos$FileOptions$Builder and com.google.protobuf.GeneratedMessageLite$Builder
WARN  - Can't compare types, unknown hierarchy: com.google.protobuf.DescriptorProtos$FileOptions$Builder and com.google.protobuf.GeneratedMessageLite$Builder
WARN  - Can't compare types, unknown hierarchy: com.google.protobuf.DescriptorProtos$FileOptions$Builder and com.google.protobuf.GeneratedMessageLite$Builder
WARN  - Can't compare types, unknown hierarchy: com.google.protobuf.DescriptorProtos$FileOptions$Builder and com.google.protobuf.GeneratedMessageLite$Builder
WARN  - Can't compare types, unknown hierarchy: com.google.protobuf.DescriptorProtos$FileOptions$Builder and com.google.protobuf.GeneratedMessageLite$Builder
WARN  - Can't compare types, unknown hierarchy: com.google.protobuf.DescriptorProtos$FileOptions$Builder and com.google.protobuf.GeneratedMessageLite$Builder
WARN  - Can't compare types, unknown hierarchy: com.google.protobuf.DescriptorProtos$FileOptions$Builder and com.google.protobuf.GeneratedMessageLite$Builder
WARN  - Can't compare types, unknown hierarchy: com.google.protobuf.DescriptorProtos$FileOptions$Builder and com.google.protobuf.GeneratedMessageLite$Builder
WARN  - Can't compare types, unknown hierarchy: com.google.protobuf.DescriptorProtos$FileOptions$Builder and com.google.protobuf.GeneratedMessageLite$Builder
WARN  - Can't compare types, unknown hierarchy: com.google.protobuf.DescriptorProtos$FileOptions$Builder and com.google.protobuf.GeneratedMessageLite$Builder
WARN  - Can't compare types, unknown hierarchy: com.google.protobuf.DescriptorProtos$FileOptions$Builder and com.google.protobuf.GeneratedMessageLite$Builder
WARN  - Can't compare types, unknown hierarchy: com.google.protobuf.DescriptorProtos$FileOptions$Builder and com.google.protobuf.GeneratedMessageLite$Builder
WARN  - Can't compare types, unknown hierarchy: com.google.protobuf.DescriptorProtos$FileOptions$Builder and com.google.protobuf.GeneratedMessageLite$Builder
WARN  - Can't compare types, unknown hierarchy: com.google.protobuf.DescriptorProtos$FileOptions$Builder and com.google.protobuf.GeneratedMessageLite$Builder
WARN  - Can't compare types, unknown hierarchy: com.google.protobuf.DescriptorProtos$FileOptions$Builder and com.google.protobuf.GeneratedMessageLite$Builder
WARN  - Can't compare types, unknown hierarchy: com.google.protobuf.DescriptorProtos$FileOptions$Builder and com.google.protobuf.GeneratedMessageLite$Builder
WARN  - Can't compare types, unknown hierarchy: com.google.protobuf.DescriptorProtos$FileOptions and com.google.protobuf.GeneratedMessageLite
WARN  - Can't compare types, unknown hierarchy: com.google.protobuf.DescriptorProtos$FileOptions$Builder and com.google.protobuf.GeneratedMessageLite$Builder
WARN  - Can't compare types, unknown hierarchy: com.google.protobuf.DescriptorProtos$FileOptions and com.google.protobuf.GeneratedMessageLite
WARN  - Can't compare types, unknown hierarchy: com.google.protobuf.DescriptorProtos$FileOptions$Builder and com.google.protobuf.GeneratedMessageLite$Builder
WARN  - Can't compare types, unknown hierarchy: com.google.protobuf.DescriptorProtos$FileOptions and com.google.protobuf.GeneratedMessageLite
WARN  - Can't compare types, unknown hierarchy: com.google.protobuf.DescriptorProtos$FileOptions$Builder and com.google.protobuf.GeneratedMessageLite$Builder
WARN  - Can't compare types, unknown hierarchy: com.google.protobuf.DescriptorProtos$FileOptions and com.google.protobuf.GeneratedMessageLite
WARN  - Can't compare types, unknown hierarchy: com.google.protobuf.DescriptorProtos$FileOptions$Builder and com.google.protobuf.GeneratedMessageLite$Builder
WARN  - Can't compare types, unknown hierarchy: com.google.protobuf.DescriptorProtos$FileOptions and com.google.protobuf.GeneratedMessageLite
WARN  - Can't compare types, unknown hierarchy: com.google.protobuf.DescriptorProtos$FileOptions$Builder and com.google.protobuf.GeneratedMessageLite$Builder
WARN  - Can't compare types, unknown hierarchy: com.google.protobuf.DescriptorProtos$FileOptions and com.google.protobuf.GeneratedMessageLite
WARN  - Can't compare types, unknown hierarchy: com.google.protobuf.DescriptorProtos$FileOptions$Builder and com.google.protobuf.GeneratedMessageLite$Builder
WARN  - Can't compare types, unknown hierarchy: com.google.protobuf.DescriptorProtos$FileOptions and com.google.protobuf.GeneratedMessageLite
WARN  - Can't compare types, unknown hierarchy: com.google.protobuf.DescriptorProtos$FileOptions$Builder and com.google.protobuf.GeneratedMessageLite$Builder
WARN  - Can't compare types, unknown hierarchy: com.google.protobuf.DescriptorProtos$FileOptions and com.google.protobuf.GeneratedMessageLite
WARN  - Can't compare types, unknown hierarchy: com.google.protobuf.DescriptorProtos$FileOptions$Builder and com.google.protobuf.GeneratedMessageLite$Builder
WARN  - Can't compare types, unknown hierarchy: com.google.protobuf.DescriptorProtos$FileOptions and com.google.protobuf.GeneratedMessageLite
WARN  - Can't compare types, unknown hierarchy: com.google.protobuf.DescriptorProtos$FileOptions$Builder and com.google.protobuf.GeneratedMessageLite$Builder
WARN  - Can't compare types, unknown hierarchy: com.google.protobuf.DescriptorProtos$FileOptions and com.google.protobuf.GeneratedMessageLite
WARN  - Can't compare types, unknown hierarchy: com.google.protobuf.DescriptorProtos$FileOptions$Builder and com.google.protobuf.GeneratedMessageLite$Builder
WARN  - Can't compare types, unknown hierarchy: com.google.protobuf.DescriptorProtos$FileOptions and com.google.protobuf.GeneratedMessageLite
WARN  - Can't compare types, unknown hierarchy: com.google.protobuf.DescriptorProtos$FileOptions$Builder and com.google.protobuf.GeneratedMessageLite$Builder
WARN  - Can't compare types, unknown hierarchy: com.google.protobuf.DescriptorProtos$FileOptions and com.google.protobuf.GeneratedMessageLite
WARN  - Can't compare types, unknown hierarchy: com.google.protobuf.DescriptorProtos$FileOptions$Builder and com.google.protobuf.GeneratedMessageLite$Builder
WARN  - Can't compare types, unknown hierarchy: com.google.protobuf.DescriptorProtos$FileOptions and com.google.protobuf.GeneratedMessageLite
WARN  - Can't compare types, unknown hierarchy: com.google.protobuf.DescriptorProtos$FileOptions$Builder and com.google.protobuf.GeneratedMessageLite$Builder
WARN  - Can't compare types, unknown hierarchy: com.google.protobuf.DescriptorProtos$FileOptions and com.google.protobuf.GeneratedMessageLite
WARN  - Can't compare types, unknown hierarchy: com.google.protobuf.DescriptorProtos$FileOptions$Builder and com.google.protobuf.GeneratedMessageLite$Builder
WARN  - Can't compare types, unknown hierarchy: com.google.protobuf.DescriptorProtos$FileOptions and com.google.protobuf.GeneratedMessageLite
WARN  - Can't compare types, unknown hierarchy: com.google.protobuf.DescriptorProtos$FileOptions$Builder and com.google.protobuf.GeneratedMessageLite$Builder
WARN  - Can't compare types, unknown hierarchy: com.google.protobuf.DescriptorProtos$FileOptions and com.google.protobuf.GeneratedMessageLite
WARN  - Can't compare types, unknown hierarchy: com.google.protobuf.DescriptorProtos$FileOptions$Builder and com.google.protobuf.GeneratedMessageLite$Builder
WARN  - Can't compare types, unknown hierarchy: com.google.protobuf.DescriptorProtos$FileOptions and com.google.protobuf.GeneratedMessageLite
WARN  - Can't compare types, unknown hierarchy: com.google.protobuf.DescriptorProtos$FileOptions$Builder and com.google.protobuf.GeneratedMessageLite$Builder
WARN  - Can't compare types, unknown hierarchy: com.google.protobuf.DescriptorProtos$FileOptions and com.google.protobuf.GeneratedMessageLite
WARN  - Can't compare types, unknown hierarchy: com.google.protobuf.DescriptorProtos$FileOptions$Builder and com.google.protobuf.GeneratedMessageLite$Builder
WARN  - Can't compare types, unknown hierarchy: com.google.protobuf.DescriptorProtos$FileOptions and com.google.protobuf.GeneratedMessageLite
WARN  - Can't compare types, unknown hierarchy: com.google.protobuf.DescriptorProtos$FileOptions$Builder and com.google.protobuf.GeneratedMessageLite$Builder
WARN  - Can't compare types, unknown hierarchy: com.google.protobuf.DescriptorProtos$FileOptions and com.google.protobuf.GeneratedMessageLite
WARN  - Can't compare types, unknown hierarchy: com.google.protobuf.DescriptorProtos$FileOptions$Builder and com.google.protobuf.GeneratedMessageLite$Builder
WARN  - Can't compare types, unknown hierarchy: com.google.protobuf.DescriptorProtos$FileOptions and com.google.protobuf.GeneratedMessageLite
WARN  - Can't compare types, unknown hierarchy: com.google.protobuf.DescriptorProtos$FileOptions$Builder and com.google.protobuf.GeneratedMessageLite$Builder
WARN  - Can't compare types, unknown hierarchy: com.google.protobuf.DescriptorProtos$FileOptions and com.google.protobuf.GeneratedMessageLite
WARN  - Can't compare types, unknown hierarchy: com.google.protobuf.DescriptorProtos$FileOptions$Builder and com.google.protobuf.GeneratedMessageLite$Builder
WARN  - Can't compare types, unknown hierarchy: com.google.protobuf.DescriptorProtos$FileOptions and com.google.protobuf.GeneratedMessageLite
WARN  - Can't compare types, unknown hierarchy: com.google.protobuf.DescriptorProtos$FileOptions$Builder and com.google.protobuf.GeneratedMessageLite$Builder
WARN  - Can't compare types, unknown hierarchy: com.google.protobuf.DescriptorProtos$FileOptions and com.google.protobuf.GeneratedMessageLite
WARN  - Can't compare types, unknown hierarchy: com.google.protobuf.DescriptorProtos$FileOptions$Builder and com.google.protobuf.GeneratedMessageLite$Builder
WARN  - Can't compare types, unknown hierarchy: com.google.protobuf.DescriptorProtos$FileOptions and com.google.protobuf.GeneratedMessageLite
WARN  - Can't compare types, unknown hierarchy: com.google.protobuf.DescriptorProtos$FileOptions$Builder and com.google.protobuf.GeneratedMessageLite$Builder
WARN  - Can't compare types, unknown hierarchy: com.google.protobuf.DescriptorProtos$FileOptions and com.google.protobuf.GeneratedMessageLite
WARN  - Can't compare types, unknown hierarchy: com.google.protobuf.DescriptorProtos$FileOptions$Builder and com.google.protobuf.GeneratedMessageLite$Builder
WARN  - Can't compare types, unknown hierarchy: com.google.protobuf.DescriptorProtos$FileOptions and com.google.protobuf.GeneratedMessageLite
WARN  - Can't compare types, unknown hierarchy: com.google.protobuf.DescriptorProtos$FileOptions$Builder and com.google.protobuf.GeneratedMessageLite$Builder
WARN  - Can't compare types, unknown hierarchy: com.google.protobuf.DescriptorProtos$FileOptions and com.google.protobuf.GeneratedMessageLite
WARN  - Can't compare types, unknown hierarchy: com.google.protobuf.DescriptorProtos$FileOptions$Builder and com.google.protobuf.GeneratedMessageLite$Builder
WARN  - Can't compare types, unknown hierarchy: com.google.protobuf.DescriptorProtos$FileOptions and com.google.protobuf.GeneratedMessageLite
WARN  - Can't compare types, unknown hierarchy: com.google.protobuf.DescriptorProtos$FileOptions$Builder and com.google.protobuf.GeneratedMessageLite$Builder
WARN  - Can't compare types, unknown hierarchy: com.google.protobuf.DescriptorProtos$FileOptions and com.google.protobuf.GeneratedMessageLite
WARN  - Can't compare types, unknown hierarchy: com.google.protobuf.DescriptorProtos$FileOptions$Builder and com.google.protobuf.GeneratedMessageLite$Builder
WARN  - Can't compare types, unknown hierarchy: com.google.protobuf.DescriptorProtos$FileOptions and com.google.protobuf.GeneratedMessageLite
WARN  - Can't compare types, unknown hierarchy: com.google.protobuf.DescriptorProtos$FileOptions$Builder and com.google.protobuf.GeneratedMessageLite$Builder
WARN  - Can't compare types, unknown hierarchy: com.google.protobuf.DescriptorProtos$FileOptions and com.google.protobuf.GeneratedMessageLite
WARN  - Can't compare types, unknown hierarchy: com.google.protobuf.DescriptorProtos$FileOptions$Builder and com.google.protobuf.GeneratedMessageLite$Builder
WARN  - Can't compare types, unknown hierarchy: com.google.protobuf.DescriptorProtos$FileOptions and com.google.protobuf.GeneratedMessageLite
WARN  - Can't compare types, unknown hierarchy: com.google.protobuf.DescriptorProtos$FileOptions$Builder and com.google.protobuf.GeneratedMessageLite$Builder
WARN  - Can't compare types, unknown hierarchy: com.google.protobuf.DescriptorProtos$FileOptions and com.google.protobuf.GeneratedMessageLite
WARN  - Can't compare types, unknown hierarchy: com.google.protobuf.DescriptorProtos$FileOptions$Builder and com.google.protobuf.GeneratedMessageLite$Builder
WARN  - Can't compare types, unknown hierarchy: com.google.protobuf.DescriptorProtos$FileOptions and com.google.protobuf.GeneratedMessageLite
WARN  - Can't compare types, unknown hierarchy: com.google.protobuf.DescriptorProtos$FileOptions$Builder and com.google.protobuf.GeneratedMessageLite$Builder
WARN  - Can't compare types, unknown hierarchy: com.google.protobuf.DescriptorProtos$FileOptions and com.google.protobuf.GeneratedMessageLite
WARN  - Can't compare types, unknown hierarchy: com.google.protobuf.DescriptorProtos$FileOptions$Builder and com.google.protobuf.GeneratedMessageLite$Builder
WARN  - Can't compare types, unknown hierarchy: com.google.protobuf.DescriptorProtos$FileOptions$Builder and com.google.protobuf.GeneratedMessageLite$Builder
WARN  - Can't compare types, unknown hierarchy: com.google.protobuf.DescriptorProtos$FileOptions$Builder and com.google.protobuf.GeneratedMessageLite$Builder
WARN  - Can't compare types, unknown hierarchy: com.google.protobuf.DescriptorProtos$FileOptions$Builder and com.google.protobuf.GeneratedMessageLite$Builder
WARN  - Can't compare types, unknown hierarchy: com.google.protobuf.DescriptorProtos$FileOptions$Builder and com.google.protobuf.GeneratedMessageLite$Builder
WARN  - Can't compare types, unknown hierarchy: com.google.protobuf.DescriptorProtos$FileOptions$Builder and com.google.protobuf.GeneratedMessageLite$Builder
WARN  - Can't compare types, unknown hierarchy: com.google.protobuf.DescriptorProtos$FileOptions$Builder and com.google.protobuf.GeneratedMessageLite$Builder
WARN  - Can't compare types, unknown hierarchy: com.google.protobuf.DescriptorProtos$FileOptions$Builder and com.google.protobuf.GeneratedMessageLite$Builder
WARN  - Can't compare types, unknown hierarchy: com.google.protobuf.DescriptorProtos$FileOptions$Builder and com.google.protobuf.GeneratedMessageLite$Builder
WARN  - Can't compare types, unknown hierarchy: com.google.protobuf.DescriptorProtos$FileOptions$Builder and com.google.protobuf.GeneratedMessageLite$Builder
WARN  - Can't compare types, unknown hierarchy: com.google.protobuf.DescriptorProtos$FileOptions$Builder and com.google.protobuf.GeneratedMessageLite$Builder
WARN  - Can't compare types, unknown hierarchy: com.google.protobuf.DescriptorProtos$FileOptions$Builder and com.google.protobuf.GeneratedMessageLite$Builder
WARN  - Can't compare types, unknown hierarchy: com.google.protobuf.DescriptorProtos$FileOptions$Builder and com.google.protobuf.GeneratedMessageLite$Builder
WARN  - Can't compare types, unknown hierarchy: com.google.protobuf.DescriptorProtos$FileOptions$Builder and com.google.protobuf.GeneratedMessageLite$Builder
WARN  - Can't compare types, unknown hierarchy: com.google.protobuf.DescriptorProtos$FileOptions$Builder and com.google.protobuf.GeneratedMessageLite$Builder
WARN  - Can't compare types, unknown hierarchy: com.google.protobuf.DescriptorProtos$FileOptions$Builder and com.google.protobuf.GeneratedMessageLite$Builder
WARN  - Can't compare types, unknown hierarchy: com.google.protobuf.DescriptorProtos$FileOptions$Builder and com.google.protobuf.GeneratedMessageLite$Builder
WARN  - Can't compare types, unknown hierarchy: com.google.protobuf.DescriptorProtos$FileOptions$Builder and com.google.protobuf.GeneratedMessageLite$Builder
WARN  - Can't compare types, unknown hierarchy: com.google.protobuf.DescriptorProtos$FileOptions$Builder and com.google.protobuf.GeneratedMessageLite$Builder
WARN  - Can't compare types, unknown hierarchy: com.google.protobuf.DescriptorProtos$FileOptions$Builder and com.google.protobuf.GeneratedMessageLite$Builder
WARN  - Can't compare types, unknown hierarchy: com.google.protobuf.DescriptorProtos$FileOptions$Builder and com.google.protobuf.GeneratedMessageLite$Builder
WARN  - Can't compare types, unknown hierarchy: com.google.protobuf.DescriptorProtos$UninterpretedOption$Builder and com.google.protobuf.GeneratedMessageLite$Builder
WARN  - Can't compare types, unknown hierarchy: com.google.protobuf.DescriptorProtos$UninterpretedOption and com.google.protobuf.GeneratedMessageLite
WARN  - Can't compare types, unknown hierarchy: com.google.protobuf.DescriptorProtos$FileOptions$Builder and com.google.protobuf.GeneratedMessageLite$Builder
WARN  - Can't compare types, unknown hierarchy: com.google.protobuf.DescriptorProtos$FileOptions and com.google.protobuf.GeneratedMessageLite
WARN  - Can't compare types, unknown hierarchy: com.google.protobuf.ProtobufArrayList and com.google.protobuf.Internal$ProtobufList
WARN  - Can't compare types, unknown hierarchy: com.google.protobuf.Internal$ProtobufList and java.util.List
WARN  - Can't compare types, unknown hierarchy: com.google.protobuf.Internal$ProtobufList and java.util.List
WARN  - Can't compare types, unknown hierarchy: com.google.protobuf.Internal$ProtobufList and java.util.List
WARN  - Can't compare types, unknown hierarchy: com.google.protobuf.ProtobufArrayList and com.google.protobuf.Internal$ProtobufList
WARN  - Can't compare types, unknown hierarchy: com.google.protobuf.DescriptorProtos$FileOptions and com.google.protobuf.GeneratedMessageLite
WARN  - Can't compare types, unknown hierarchy: com.google.protobuf.DescriptorProtos$FileOptions$Builder and com.google.protobuf.GeneratedMessageLite$Builder
WARN  - Can't compare types, unknown hierarchy: com.google.protobuf.DescriptorProtos$FileOptions and com.google.protobuf.GeneratedMessageLite
WARN  - Can't compare types, unknown hierarchy: com.google.protobuf.DescriptorProtos$FileOptions and com.google.protobuf.GeneratedMessageLite
WARN  - Can't compare types, unknown hierarchy: com.google.protobuf.DescriptorProtos$FileOptions$Builder and com.google.protobuf.GeneratedMessageLite$Builder
WARN  - Can't compare types, unknown hierarchy: com.google.protobuf.DescriptorProtos$FileOptions$Builder and com.google.protobuf.GeneratedMessageLite$Builder
WARN  - Can't compare types, unknown hierarchy: com.google.protobuf.DescriptorProtos$FileOptions and com.google.protobuf.GeneratedMessageLite
WARN  - Can't compare types, unknown hierarchy: com.google.protobuf.DescriptorProtos$FileOptions and com.google.protobuf.GeneratedMessageLite
WARN  - Can't compare types, unknown hierarchy: com.google.protobuf.DescriptorProtos$FileOptions and com.google.protobuf.GeneratedMessageLite
WARN  - Can't compare types, unknown hierarchy: com.google.protobuf.DescriptorProtos$FileOptions and com.google.protobuf.GeneratedMessageLite
WARN  - Can't compare types, unknown hierarchy: com.google.protobuf.DescriptorProtos$FileOptions and com.google.protobuf.GeneratedMessageLite
WARN  - Can't compare types, unknown hierarchy: com.google.protobuf.DescriptorProtos$FileOptions and com.google.protobuf.GeneratedMessageLite
WARN  - Can't compare types, unknown hierarchy: com.google.protobuf.DescriptorProtos$FileOptions and com.google.protobuf.GeneratedMessageLite
WARN  - Can't compare types, unknown hierarchy: com.google.protobuf.DescriptorProtos$FileOptions and com.google.protobuf.GeneratedMessageLite
WARN  - Can't compare types, unknown hierarchy: com.google.protobuf.DescriptorProtos$FileOptions and com.google.protobuf.GeneratedMessageLite
WARN  - Can't compare types, unknown hierarchy: com.google.protobuf.DescriptorProtos$FileOptions and com.google.protobuf.GeneratedMessageLite
WARN  - Can't compare types, unknown hierarchy: com.google.protobuf.DescriptorProtos$FileOptions and com.google.protobuf.GeneratedMessageLite
WARN  - Can't compare types, unknown hierarchy: com.google.protobuf.DescriptorProtos$FileOptions and com.google.protobuf.GeneratedMessageLite
WARN  - Can't compare types, unknown hierarchy: com.google.protobuf.DescriptorProtos$FileOptions and com.google.protobuf.GeneratedMessageLite
WARN  - Can't compare types, unknown hierarchy: com.google.protobuf.DescriptorProtos$FileOptions and com.google.protobuf.GeneratedMessageLite
WARN  - Can't compare types, unknown hierarchy: com.google.protobuf.DescriptorProtos$FileOptions and com.google.protobuf.GeneratedMessageLite
WARN  - Can't compare types, unknown hierarchy: com.google.protobuf.DescriptorProtos$FileOptions and com.google.protobuf.GeneratedMessageLite
WARN  - Can't compare types, unknown hierarchy: com.google.protobuf.DescriptorProtos$FileOptions and com.google.protobuf.GeneratedMessageLite
WARN  - Can't compare types, unknown hierarchy: com.google.protobuf.DescriptorProtos$FileOptions and com.google.protobuf.GeneratedMessageLite
WARN  - Can't compare types, unknown hierarchy: com.google.protobuf.DescriptorProtos$FileOptions and com.google.protobuf.GeneratedMessageLite
WARN  - Can't compare types, unknown hierarchy: com.google.protobuf.DescriptorProtos$FileOptions and com.google.protobuf.GeneratedMessageLite
WARN  - Can't compare types, unknown hierarchy: com.google.protobuf.DescriptorProtos$FileOptions and com.google.protobuf.GeneratedMessageLite
WARN  - Can't compare types, unknown hierarchy: com.google.protobuf.DescriptorProtos$FileOptions and com.google.protobuf.GeneratedMessageLite
WARN  - Can't compare types, unknown hierarchy: com.google.protobuf.DescriptorProtos$FileOptions and com.google.protobuf.GeneratedMessageLite
WARN  - Can't compare types, unknown hierarchy: com.google.protobuf.DescriptorProtos$FileOptions and com.google.protobuf.GeneratedMessageLite
WARN  - Can't compare types, unknown hierarchy: com.google.protobuf.DescriptorProtos$FileOptions and com.google.protobuf.GeneratedMessageLite
WARN  - Can't compare types, unknown hierarchy: com.google.protobuf.Internal$ProtobufList and java.util.List
WARN  - Can't compare types, unknown hierarchy: com.google.protobuf.Internal$ProtobufList and java.util.List
WARN  - Can't compare types, unknown hierarchy: com.google.protobuf.GeneratedMessageLite$MethodToInvoke and java.lang.Enum
WARN  - Can't compare types, unknown hierarchy: com.google.protobuf.Parser and com.google.protobuf.GeneratedMessageLite$DefaultInstanceBasedParser
WARN  - Can't compare types, unknown hierarchy: com.google.protobuf.Parser and com.google.protobuf.GeneratedMessageLite$DefaultInstanceBasedParser
WARN  - Can't compare types, unknown hierarchy: com.google.protobuf.DescriptorProtos$FileOptions and com.google.protobuf.GeneratedMessageLite
WARN  - Can't compare types, unknown hierarchy: com.google.protobuf.GeneratedMessageLite$DefaultInstanceBasedParser and com.google.protobuf.Parser
WARN  - Can't compare types, unknown hierarchy: com.google.protobuf.GeneratedMessageLite$DefaultInstanceBasedParser and com.google.protobuf.Parser
WARN  - Can't compare types, unknown hierarchy: com.google.protobuf.GeneratedMessageLite$DefaultInstanceBasedParser and com.google.protobuf.Parser
WARN  - Can't compare types, unknown hierarchy: com.google.protobuf.GeneratedMessageLite$DefaultInstanceBasedParser and com.google.protobuf.Parser
WARN  - Can't compare types, unknown hierarchy: com.google.protobuf.DescriptorProtos$FileOptions and com.google.protobuf.MessageLite
WARN  - Can't compare types, unknown hierarchy: com.google.protobuf.Internal$ProtobufList and java.util.List
WARN  - Can't compare types, unknown hierarchy: com.google.protobuf.Internal$ProtobufList and java.util.List
WARN  - Can't compare types, unknown hierarchy: com.google.protobuf.Internal$ProtobufList and java.util.List
WARN  - Can't compare types, unknown hierarchy: com.google.protobuf.Internal$ProtobufList and java.util.List
WARN  - Can't compare types, unknown hierarchy: com.google.protobuf.Internal$ProtobufList and java.util.List
WARN  - Can't compare types, unknown hierarchy: X.781 and X.1DO
WARN  - Can't compare types, unknown hierarchy: X.781 and X.1DO
WARN  - Can't compare types, unknown hierarchy: X.05C and X.00s
WARN  - Can't compare types, unknown hierarchy: X.05C and X.00s
WARN  - Can't compare types, unknown hierarchy: X.05C and X.00s
WARN  - Can't compare types, unknown hierarchy: X.05C and X.00s
WARN  - Can't compare types, unknown hierarchy: X.05C and X.00s
WARN  - Can't compare types, unknown hierarchy: X.05C and X.00s
WARN  - Can't compare types, unknown hierarchy: X.05C and X.00s
WARN  - Can't compare types, unknown hierarchy: X.05C and X.00s
WARN  - Can't compare types, unknown hierarchy: X.05C and X.00s
WARN  - Can't compare types, unknown hierarchy: X.05C and X.00s
WARN  - Can't compare types, unknown hierarchy: X.05C and X.00s
WARN  - Can't compare types, unknown hierarchy: X.Iii and kotlin.jvm.functions.Function0
WARN  - Can't compare types, unknown hierarchy: X.00m and X.00l
WARN  - Can't compare types, unknown hierarchy: X.23o and java.lang.Throwable
WARN  - Can't compare types, unknown hierarchy: X.GWs and X.00r
WARN  - Can't compare types, unknown hierarchy: X.GWs and X.00r
WARN  - Can't compare types, unknown hierarchy: X.GWs and X.00r
WARN  - Can't compare types, unknown hierarchy: X.GWs and X.00r
WARN  - Can't compare types, unknown hierarchy: X.GWs and X.00r
WARN  - Can't compare types, unknown hierarchy: X.GWs and X.00r
WARN  - Can't compare types, unknown hierarchy: X.GWs and X.00r
WARN  - Can't compare types, unknown hierarchy: X.GWs and X.00r
WARN  - Can't compare types, unknown hierarchy: X.GWs and X.00r
WARN  - Can't compare types, unknown hierarchy: X.GWs and X.00r
WARN  - Can't compare types, unknown hierarchy: X.GWs and X.00r
WARN  - Can't compare types, unknown hierarchy: X.GWs and X.00r
WARN  - Can't compare types, unknown hierarchy: X.GWs and X.00r
WARN  - Can't compare types, unknown hierarchy: X.GWs and X.00r
WARN  - Can't compare types, unknown hierarchy: X.GWs and X.00r
WARN  - Can't compare types, unknown hierarchy: X.GWs and X.00r
WARN  - Can't compare types, unknown hierarchy: X.GWs and X.00r
WARN  - Can't compare types, unknown hierarchy: X.GWs and X.00r
WARN  - Can't compare types, unknown hierarchy: X.GWs and X.00r
WARN  - Can't compare types, unknown hierarchy: X.GWs and X.00r
WARN  - Can't compare types, unknown hierarchy: X.GWs and X.00r
WARN  - Can't compare types, unknown hierarchy: X.GWs and X.00r
WARN  - Can't compare types, unknown hierarchy: X.GWs and X.00r
WARN  - Can't compare types, unknown hierarchy: X.GWs and X.00r
WARN  - Can't compare types, unknown hierarchy: X.GWs and X.00r
WARN  - Can't compare types, unknown hierarchy: X.GWs and X.00r
WARN  - Can't compare types, unknown hierarchy: X.GWs and X.00r
WARN  - Can't compare types, unknown hierarchy: X.GWs and X.00r
WARN  - Can't compare types, unknown hierarchy: X.GWs and X.00r
WARN  - Can't compare types, unknown hierarchy: X.GWs and X.00r
WARN  - Can't compare types, unknown hierarchy: X.00r and X.GWs
WARN  - Can't compare types, unknown hierarchy: X.00r and X.GWs
WARN  - Can't compare types, unknown hierarchy: X.00r and X.GWs
WARN  - Can't compare types, unknown hierarchy: X.00r and X.GWs
WARN  - Can't compare types, unknown hierarchy: X.00r and X.GWs
WARN  - Can't compare types, unknown hierarchy: X.00r and X.GWs
WARN  - Can't compare types, unknown hierarchy: X.00r and X.GWs
WARN  - Can't compare types, unknown hierarchy: X.00r and X.GWs
WARN  - Can't compare types, unknown hierarchy: X.00r and X.GWs
WARN  - Can't compare types, unknown hierarchy: X.00r and X.GWs
WARN  - Can't compare types, unknown hierarchy: X.00r and X.GWs
WARN  - Can't compare types, unknown hierarchy: X.00r and X.GWs
WARN  - Can't compare types, unknown hierarchy: X.00r and X.GWs
WARN  - Can't compare types, unknown hierarchy: X.00r and X.GWs
WARN  - Can't compare types, unknown hierarchy: X.00r and X.GWs
WARN  - Can't compare types, unknown hierarchy: X.00r and X.GWs
WARN  - Can't compare types, unknown hierarchy: X.00r and X.GWs
WARN  - Can't compare types, unknown hierarchy: X.00r and X.GWs
WARN  - Can't compare types, unknown hierarchy: X.00r and X.GWs
WARN  - Can't compare types, unknown hierarchy: X.00r and X.GWs
WARN  - Can't compare types, unknown hierarchy: X.00r and X.GWs
WARN  - Can't compare types, unknown hierarchy: X.00r and X.GWs
WARN  - Can't compare types, unknown hierarchy: X.00r and X.GWs
WARN  - Can't compare types, unknown hierarchy: X.00r and X.GWs
WARN  - Can't compare types, unknown hierarchy: X.00r and X.GWs
WARN  - Can't compare types, unknown hierarchy: X.00r and X.GWs
WARN  - Can't compare types, unknown hierarchy: X.00r and X.GWs
WARN  - Can't compare types, unknown hierarchy: X.00r and X.GWs
WARN  - Can't compare types, unknown hierarchy: X.00r and X.GWs
WARN  - Can't compare types, unknown hierarchy: X.GWs and X.00r
WARN  - Can't compare types, unknown hierarchy: X.GWs and X.00r
WARN  - Can't compare types, unknown hierarchy: X.GWs and X.00r
WARN  - Can't compare types, unknown hierarchy: X.GWs and X.00r
WARN  - Can't compare types, unknown hierarchy: X.GWs and X.00r
WARN  - Can't compare types, unknown hierarchy: X.GWs and X.00r
WARN  - Can't compare types, unknown hierarchy: X.GWs and X.00r
WARN  - Can't compare types, unknown hierarchy: X.GWs and X.00r
WARN  - Can't compare types, unknown hierarchy: X.GWs and X.00r
WARN  - Can't compare types, unknown hierarchy: X.GWs and X.00r
WARN  - Can't compare types, unknown hierarchy: X.GWs and X.00r
WARN  - Can't compare types, unknown hierarchy: X.GWs and X.00r
WARN  - Can't compare types, unknown hierarchy: X.GWs and X.00r
WARN  - Can't compare types, unknown hierarchy: X.GWs and X.00r
WARN  - Can't compare types, unknown hierarchy: X.GWs and X.00r
WARN  - Can't compare types, unknown hierarchy: X.GWs and X.00r
WARN  - Can't compare types, unknown hierarchy: X.GWs and X.00r
WARN  - Can't compare types, unknown hierarchy: X.GWs and X.00r
WARN  - Can't compare types, unknown hierarchy: X.GWs and X.00r
WARN  - Can't compare types, unknown hierarchy: X.GWs and X.00r
WARN  - Can't compare types, unknown hierarchy: X.GWs and X.00r
WARN  - Can't compare types, unknown hierarchy: X.GWs and X.00r
WARN  - Can't compare types, unknown hierarchy: X.GWs and X.00r
WARN  - Can't compare types, unknown hierarchy: X.GWs and X.00r
WARN  - Can't compare types, unknown hierarchy: X.GWs and X.00r
WARN  - Can't compare types, unknown hierarchy: X.GWs and X.00r
WARN  - Can't compare types, unknown hierarchy: X.GWs and X.00r
WARN  - Can't compare types, unknown hierarchy: X.GWs and X.00r
WARN  - Can't compare types, unknown hierarchy: X.GWs and X.00r
WARN  - Can't compare types, unknown hierarchy: X.GWs and X.00r
WARN  - Can't compare types, unknown hierarchy: X.00m and X.00l
WARN  - Can't compare types, unknown hierarchy: X.07r and X.00D
WARN  - Can't compare types, unknown hierarchy: X.1mV and X.0FE
WARN  - Can't compare types, unknown hierarchy: X.05j and X.05i
WARN  - Can't compare types, unknown hierarchy: X.05j and X.05i
WARN  - Can't compare types, unknown hierarchy: X.05j and X.05i
WARN  - Can't compare types, unknown hierarchy: com.google.protobuf.DescriptorProtos$EnumDescriptorProto$Builder and com.google.protobuf.GeneratedMessageLite$Builder
WARN  - Can't compare types, unknown hierarchy: com.google.protobuf.DescriptorProtos$EnumDescriptorProto and com.google.protobuf.GeneratedMessageLite
WARN  - Can't compare types, unknown hierarchy: com.google.protobuf.DescriptorProtos$EnumDescriptorProto$Builder and com.google.protobuf.GeneratedMessageLite$Builder
WARN  - Can't compare types, unknown hierarchy: com.google.protobuf.DescriptorProtos$EnumDescriptorProto and com.google.protobuf.GeneratedMessageLite
WARN  - Can't compare types, unknown hierarchy: com.google.protobuf.DescriptorProtos$FieldDescriptorProto$Builder and com.google.protobuf.GeneratedMessageLite$Builder
WARN  - Can't compare types, unknown hierarchy: com.google.protobuf.DescriptorProtos$FieldDescriptorProto and com.google.protobuf.GeneratedMessageLite
WARN  - Can't compare types, unknown hierarchy: com.google.protobuf.DescriptorProtos$FieldDescriptorProto$Builder and com.google.protobuf.GeneratedMessageLite$Builder
WARN  - Can't compare types, unknown hierarchy: com.google.protobuf.DescriptorProtos$FieldDescriptorProto and com.google.protobuf.GeneratedMessageLite
WARN  - Can't compare types, unknown hierarchy: com.google.protobuf.DescriptorProtos$ServiceDescriptorProto$Builder and com.google.protobuf.GeneratedMessageLite$Builder
WARN  - Can't compare types, unknown hierarchy: com.google.protobuf.DescriptorProtos$ServiceDescriptorProto and com.google.protobuf.GeneratedMessageLite
WARN  - Can't compare types, unknown hierarchy: com.google.protobuf.DescriptorProtos$ServiceDescriptorProto$Builder and com.google.protobuf.GeneratedMessageLite$Builder
WARN  - Can't compare types, unknown hierarchy: com.google.protobuf.DescriptorProtos$ServiceDescriptorProto and com.google.protobuf.GeneratedMessageLite
WARN  - Can't compare types, unknown hierarchy: com.google.protobuf.DescriptorProtos$EnumDescriptorProto$Builder and com.google.protobuf.GeneratedMessageLite$Builder
WARN  - Can't compare types, unknown hierarchy: com.google.protobuf.DescriptorProtos$EnumDescriptorProto and com.google.protobuf.GeneratedMessageLite
WARN  - Can't compare types, unknown hierarchy: com.google.protobuf.DescriptorProtos$FieldDescriptorProto$Builder and com.google.protobuf.GeneratedMessageLite$Builder
WARN  - Can't compare types, unknown hierarchy: com.google.protobuf.DescriptorProtos$FieldDescriptorProto and com.google.protobuf.GeneratedMessageLite
WARN  - Can't compare types, unknown hierarchy: com.google.protobuf.DescriptorProtos$FileOptions$Builder and com.google.protobuf.GeneratedMessageLite$Builder
WARN  - Can't compare types, unknown hierarchy: com.google.protobuf.DescriptorProtos$FileOptions and com.google.protobuf.GeneratedMessageLite
WARN  - Can't compare types, unknown hierarchy: com.google.protobuf.DescriptorProtos$ServiceDescriptorProto$Builder and com.google.protobuf.GeneratedMessageLite$Builder
WARN  - Can't compare types, unknown hierarchy: com.google.protobuf.DescriptorProtos$ServiceDescriptorProto and com.google.protobuf.GeneratedMessageLite
WARN  - Can't compare types, unknown hierarchy: com.google.protobuf.DescriptorProtos$SourceCodeInfo$Builder and com.google.protobuf.GeneratedMessageLite$Builder
WARN  - Can't compare types, unknown hierarchy: com.google.protobuf.DescriptorProtos$SourceCodeInfo and com.google.protobuf.GeneratedMessageLite
WARN  - Can't compare types, unknown hierarchy: com.google.protobuf.ProtobufArrayList and com.google.protobuf.Internal$ProtobufList
WARN  - Can't compare types, unknown hierarchy: com.google.protobuf.IntArrayList and com.google.protobuf.Internal$IntList
WARN  - Can't compare types, unknown hierarchy: com.google.protobuf.Internal$ProtobufList and java.util.List
WARN  - Can't compare types, unknown hierarchy: com.google.protobuf.Internal$ProtobufList and java.util.List
WARN  - Can't compare types, unknown hierarchy: com.google.protobuf.Internal$ProtobufList and java.util.List
WARN  - Can't compare types, unknown hierarchy: com.google.protobuf.Internal$ProtobufList and java.util.List
WARN  - Can't compare types, unknown hierarchy: com.google.protobuf.Internal$IntList and java.util.List
WARN  - Can't compare types, unknown hierarchy: com.google.protobuf.Internal$ProtobufList and java.util.List
WARN  - Can't compare types, unknown hierarchy: com.google.protobuf.Internal$IntList and java.util.List
WARN  - Can't compare types, unknown hierarchy: com.google.protobuf.Internal$ProtobufList and java.util.List
WARN  - Can't compare types, unknown hierarchy: com.google.protobuf.Internal$ProtobufList and java.util.List
WARN  - Can't compare types, unknown hierarchy: com.google.protobuf.Internal$ProtobufList and java.util.List
WARN  - Can't compare types, unknown hierarchy: com.google.protobuf.Internal$ProtobufList and java.util.List
WARN  - Can't compare types, unknown hierarchy: com.google.protobuf.Internal$ProtobufList and java.util.List
WARN  - Can't compare types, unknown hierarchy: com.google.protobuf.Internal$ProtobufList and java.util.List
WARN  - Can't compare types, unknown hierarchy: com.google.protobuf.Internal$ProtobufList and java.util.List
WARN  - Can't compare types, unknown hierarchy: com.google.protobuf.Internal$ProtobufList and java.util.List
WARN  - Can't compare types, unknown hierarchy: com.google.protobuf.Internal$ProtobufList and java.util.List
WARN  - Can't compare types, unknown hierarchy: com.google.protobuf.Internal$ProtobufList and java.util.List
WARN  - Can't compare types, unknown hierarchy: com.google.protobuf.ProtobufArrayList and com.google.protobuf.Internal$ProtobufList
WARN  - Can't compare types, unknown hierarchy: com.google.protobuf.ProtobufArrayList and com.google.protobuf.Internal$ProtobufList
WARN  - Can't compare types, unknown hierarchy: com.google.protobuf.ProtobufArrayList and com.google.protobuf.Internal$ProtobufList
WARN  - Can't compare types, unknown hierarchy: com.google.protobuf.ProtobufArrayList and com.google.protobuf.Internal$ProtobufList
WARN  - Can't compare types, unknown hierarchy: com.google.protobuf.IntArrayList and com.google.protobuf.Internal$IntList
WARN  - Can't compare types, unknown hierarchy: com.google.protobuf.ProtobufArrayList and com.google.protobuf.Internal$ProtobufList
WARN  - Can't compare types, unknown hierarchy: com.google.protobuf.IntArrayList and com.google.protobuf.Internal$IntList
WARN  - Can't compare types, unknown hierarchy: com.google.protobuf.Internal$IntList and com.google.protobuf.Internal$ProtobufList
WARN  - Can't compare types, unknown hierarchy: com.google.protobuf.Internal$IntList and com.google.protobuf.Internal$ProtobufList
WARN  - Can't compare types, unknown hierarchy: com.google.protobuf.DescriptorProtos$FileOptions and com.google.protobuf.GeneratedMessageLite
WARN  - Can't compare types, unknown hierarchy: com.google.protobuf.DescriptorProtos$FileOptions and com.google.protobuf.GeneratedMessageLite
WARN  - Can't compare types, unknown hierarchy: com.google.protobuf.DescriptorProtos$FileOptions and com.google.protobuf.GeneratedMessageLite
WARN  - Can't compare types, unknown hierarchy: com.google.protobuf.DescriptorProtos$FileOptions$Builder and com.google.protobuf.GeneratedMessageLite$Builder
WARN  - Can't compare types, unknown hierarchy: com.google.protobuf.DescriptorProtos$SourceCodeInfo and com.google.protobuf.GeneratedMessageLite
WARN  - Can't compare types, unknown hierarchy: com.google.protobuf.DescriptorProtos$SourceCodeInfo and com.google.protobuf.GeneratedMessageLite
WARN  - Can't compare types, unknown hierarchy: com.google.protobuf.DescriptorProtos$SourceCodeInfo and com.google.protobuf.GeneratedMessageLite
WARN  - Can't compare types, unknown hierarchy: com.google.protobuf.DescriptorProtos$SourceCodeInfo and com.google.protobuf.GeneratedMessageLite
WARN  - Can't compare types, unknown hierarchy: com.google.protobuf.DescriptorProtos$SourceCodeInfo$Builder and com.google.protobuf.GeneratedMessageLite$Builder
WARN  - Can't compare types, unknown hierarchy: com.google.protobuf.Internal$ProtobufList and java.util.List
WARN  - Can't compare types, unknown hierarchy: com.google.protobuf.Internal$ProtobufList and java.util.List
WARN  - Can't compare types, unknown hierarchy: com.google.protobuf.Internal$ProtobufList and java.util.List
WARN  - Can't compare types, unknown hierarchy: com.google.protobuf.Internal$ProtobufList and java.util.List
WARN  - Can't compare types, unknown hierarchy: com.google.protobuf.Internal$ProtobufList and java.util.List
WARN  - Can't compare types, unknown hierarchy: com.google.protobuf.Internal$ProtobufList and java.util.List
WARN  - Can't compare types, unknown hierarchy: com.google.protobuf.Internal$ProtobufList and java.util.List
WARN  - Can't compare types, unknown hierarchy: com.google.protobuf.Internal$ProtobufList and java.util.List
WARN  - Can't compare types, unknown hierarchy: com.google.protobuf.Internal$ProtobufList and java.util.List
WARN  - Can't compare types, unknown hierarchy: com.google.protobuf.GeneratedMessageLite$MethodToInvoke and java.lang.Enum
WARN  - Can't compare types, unknown hierarchy: com.google.protobuf.Parser and com.google.protobuf.GeneratedMessageLite$DefaultInstanceBasedParser
WARN  - Can't compare types, unknown hierarchy: com.google.protobuf.Parser and com.google.protobuf.GeneratedMessageLite$DefaultInstanceBasedParser
WARN  - Can't compare types, unknown hierarchy: com.google.protobuf.GeneratedMessageLite$DefaultInstanceBasedParser and com.google.protobuf.Parser
WARN  - Can't compare types, unknown hierarchy: com.google.protobuf.GeneratedMessageLite$DefaultInstanceBasedParser and com.google.protobuf.Parser
WARN  - Can't compare types, unknown hierarchy: com.google.protobuf.GeneratedMessageLite$DefaultInstanceBasedParser and com.google.protobuf.Parser
WARN  - Can't compare types, unknown hierarchy: com.google.protobuf.GeneratedMessageLite$DefaultInstanceBasedParser and com.google.protobuf.Parser
WARN  - Can't compare types, unknown hierarchy: com.google.protobuf.DescriptorProtos$FileDescriptorProto and com.google.protobuf.MessageLite
WARN  - Can't compare types, unknown hierarchy: com.google.protobuf.Internal$ProtobufList and java.util.List
WARN  - Can't compare types, unknown hierarchy: com.google.protobuf.Internal$ProtobufList and java.util.List
WARN  - Can't compare types, unknown hierarchy: com.google.protobuf.Internal$ProtobufList and java.util.List
WARN  - Can't compare types, unknown hierarchy: com.google.protobuf.Internal$ProtobufList and java.util.List
WARN  - Can't compare types, unknown hierarchy: com.google.protobuf.Internal$ProtobufList and java.util.List
WARN  - Can't compare types, unknown hierarchy: com.google.protobuf.Internal$ProtobufList and java.util.List
WARN  - Can't compare types, unknown hierarchy: com.google.protobuf.Internal$ProtobufList and java.util.List
WARN  - Can't compare types, unknown hierarchy: com.google.protobuf.Internal$ProtobufList and java.util.List
WARN  - Can't compare types, unknown hierarchy: com.google.protobuf.Internal$ProtobufList and java.util.List
WARN  - Can't compare types, unknown hierarchy: com.google.protobuf.Internal$ProtobufList and java.util.List
WARN  - Can't compare types, unknown hierarchy: com.google.protobuf.Internal$ProtobufList and java.util.List
WARN  - Can't compare types, unknown hierarchy: com.google.protobuf.Internal$ProtobufList and java.util.List
WARN  - Can't compare types, unknown hierarchy: com.google.protobuf.Internal$ProtobufList and java.util.List
WARN  - Can't compare types, unknown hierarchy: com.google.protobuf.Internal$ProtobufList and java.util.List
WARN  - Can't compare types, unknown hierarchy: com.google.protobuf.Internal$ProtobufList and java.util.List
WARN  - Can't compare types, unknown hierarchy: com.google.protobuf.Internal$ProtobufList and java.util.List
WARN  - Can't compare types, unknown hierarchy: com.google.protobuf.Internal$ProtobufList and java.util.List
WARN  - Can't compare types, unknown hierarchy: com.google.protobuf.Internal$ProtobufList and java.util.List
WARN  - Can't compare types, unknown hierarchy: com.google.protobuf.Internal$ProtobufList and java.util.List
WARN  - Can't compare types, unknown hierarchy: com.google.protobuf.Internal$IntList and java.util.List
WARN  - Can't compare types, unknown hierarchy: com.google.protobuf.Internal$IntList and java.util.List
WARN  - Can't compare types, unknown hierarchy: com.google.protobuf.Internal$ProtobufList and java.util.List
WARN  - Can't compare types, unknown hierarchy: com.google.protobuf.Internal$ProtobufList and java.util.List
WARN  - Can't compare types, unknown hierarchy: com.google.protobuf.Internal$ProtobufList and java.util.List
WARN  - Can't compare types, unknown hierarchy: com.google.protobuf.Internal$ProtobufList and java.util.List
WARN  - Can't compare types, unknown hierarchy: com.google.protobuf.Internal$ProtobufList and java.util.List
WARN  - Can't compare types, unknown hierarchy: com.google.protobuf.Internal$IntList and java.util.List
WARN  - Can't compare types, unknown hierarchy: com.google.protobuf.Internal$IntList and java.util.List
INFO  - progress: 212 of 325 (65%)WARN  - Can't compare types, unknown hierarchy: com.google.protobuf.GeneratedMessageLite$MethodToInvoke and java.lang.Enum
WARN  - Can't compare types, unknown hierarchy: com.google.protobuf.GeneratedMessageLite$MethodToInvoke and java.lang.Enum
WARN  - Can't compare types, unknown hierarchy: com.google.protobuf.GeneratedMessageLite$MethodToInvoke and java.lang.Enum
WARN  - Can't compare types, unknown hierarchy: com.google.protobuf.GeneratedMessageLite$MethodToInvoke and java.lang.Enum
WARN  - Can't compare types, unknown hierarchy: com.google.protobuf.GeneratedMessageLite$MethodToInvoke and java.lang.Enum
WARN  - Can't compare types, unknown hierarchy: com.google.protobuf.GeneratedMessageLite$MethodToInvoke and java.lang.Enum
WARN  - Can't compare types, unknown hierarchy: com.google.protobuf.GeneratedMessageLite$MethodToInvoke and java.lang.Enum
WARN  - Can't compare types, unknown hierarchy: com.google.protobuf.GeneratedMessageLite$MethodToInvoke and java.lang.Enum
WARN  - Can't compare types, unknown hierarchy: com.google.protobuf.GeneratedMessageLite$MethodToInvoke and java.lang.Enum
WARN  - Can't compare types, unknown hierarchy: com.google.protobuf.GeneratedMessageLite$MethodToInvoke and java.lang.Enum
WARN  - Can't compare types, unknown hierarchy: com.google.protobuf.GeneratedMessageLite$MethodToInvoke and java.lang.Enum
WARN  - Can't compare types, unknown hierarchy: com.google.protobuf.GeneratedMessageLite$MethodToInvoke and java.lang.Enum
WARN  - Can't compare types, unknown hierarchy: com.google.protobuf.GeneratedMessageLite$MethodToInvoke and java.lang.Enum
WARN  - Can't compare types, unknown hierarchy: com.google.protobuf.GeneratedMessageLite$MethodToInvoke and java.lang.Enum
WARN  - Can't compare types, unknown hierarchy: com.google.protobuf.GeneratedMessageLite$MethodToInvoke and java.lang.Enum
WARN  - Can't compare types, unknown hierarchy: com.google.protobuf.GeneratedMessageLite$MethodToInvoke and java.lang.Enum
WARN  - Can't compare types, unknown hierarchy: com.google.protobuf.GeneratedMessageLite$MethodToInvoke and java.lang.Enum
WARN  - Can't compare types, unknown hierarchy: com.google.protobuf.GeneratedMessageLite$MethodToInvoke and java.lang.Enum
WARN  - Can't compare types, unknown hierarchy: com.google.protobuf.GeneratedMessageLite$MethodToInvoke and java.lang.Enum
WARN  - Can't compare types, unknown hierarchy: com.google.protobuf.GeneratedMessageLite$MethodToInvoke and java.lang.Enum
WARN  - Can't compare types, unknown hierarchy: com.google.protobuf.GeneratedMessageLite$MethodToInvoke and java.lang.Enum
WARN  - Can't compare types, unknown hierarchy: com.google.protobuf.GeneratedMessageLite$MethodToInvoke and java.lang.Enum
WARN  - Can't compare types, unknown hierarchy: com.google.protobuf.GeneratedMessageLite$MethodToInvoke and java.lang.Enum
WARN  - Can't compare types, unknown hierarchy: com.google.protobuf.GeneratedMessageLite$MethodToInvoke and java.lang.Enum
WARN  - Can't compare types, unknown hierarchy: com.google.protobuf.GeneratedMessageLite$MethodToInvoke and java.lang.Enum
WARN  - Can't compare types, unknown hierarchy: com.google.protobuf.GeneratedMessageLite$MethodToInvoke and java.lang.Enum
WARN  - Can't compare types, unknown hierarchy: com.google.protobuf.GeneratedMessageLite$MethodToInvoke and java.lang.Enum
WARN  - Can't compare types, unknown hierarchy: com.google.protobuf.GeneratedMessageLite$MethodToInvoke and java.lang.Enum
WARN  - Can't compare types, unknown hierarchy: com.google.protobuf.GeneratedMessageLite$MethodToInvoke and java.lang.Enum
WARN  - Can't compare types, unknown hierarchy: com.google.protobuf.GeneratedMessageLite$MethodToInvoke and java.lang.Enum
WARN  - Can't compare types, unknown hierarchy: com.google.protobuf.GeneratedMessageLite$MethodToInvoke and java.lang.Enum
WARN  - Can't compare types, unknown hierarchy: com.google.protobuf.GeneratedMessageLite$MethodToInvoke and java.lang.Enum
WARN  - Can't compare types, unknown hierarchy: com.google.protobuf.GeneratedMessageLite$MethodToInvoke and java.lang.Enum
WARN  - Can't compare types, unknown hierarchy: com.google.protobuf.GeneratedMessageLite$MethodToInvoke and java.lang.Enum
WARN  - Can't compare types, unknown hierarchy: com.google.protobuf.GeneratedMessageLite$MethodToInvoke and java.lang.Enum
WARN  - Can't compare types, unknown hierarchy: com.google.protobuf.GeneratedMessageLite$MethodToInvoke and java.lang.Enum
WARN  - Can't compare types, unknown hierarchy: com.google.protobuf.GeneratedMessageLite$MethodToInvoke and java.lang.Enum
WARN  - Can't compare types, unknown hierarchy: com.google.protobuf.GeneratedMessageLite$MethodToInvoke and java.lang.Enum
WARN  - Can't compare types, unknown hierarchy: com.google.protobuf.GeneratedMessageLite$MethodToInvoke and java.lang.Enum
WARN  - Can't compare types, unknown hierarchy: com.google.protobuf.GeneratedMessageLite$MethodToInvoke and java.lang.Enum
WARN  - Can't compare types, unknown hierarchy: com.google.protobuf.GeneratedMessageLite$MethodToInvoke and java.lang.Enum
WARN  - Can't compare types, unknown hierarchy: com.google.protobuf.GeneratedMessageLite$MethodToInvoke and java.lang.Enum
WARN  - Can't compare types, unknown hierarchy: com.google.protobuf.GeneratedMessageLite$MethodToInvoke and java.lang.Enum
WARN  - Can't compare types, unknown hierarchy: com.google.protobuf.GeneratedMessageLite$MethodToInvoke and java.lang.Enum
WARN  - Can't compare types, unknown hierarchy: com.google.protobuf.GeneratedMessageLite$MethodToInvoke and java.lang.Enum
WARN  - Can't compare types, unknown hierarchy: com.google.protobuf.GeneratedMessageLite$MethodToInvoke and java.lang.Enum
WARN  - Can't compare types, unknown hierarchy: com.google.protobuf.GeneratedMessageLite$MethodToInvoke and java.lang.Enum
WARN  - Can't compare types, unknown hierarchy: com.google.protobuf.GeneratedMessageLite$MethodToInvoke and java.lang.Enum
WARN  - Can't compare types, unknown hierarchy: com.google.protobuf.GeneratedMessageLite$MethodToInvoke and java.lang.Enum
WARN  - Can't compare types, unknown hierarchy: com.google.protobuf.GeneratedMessageLite$MethodToInvoke and java.lang.Enum
WARN  - Can't compare types, unknown hierarchy: com.google.protobuf.GeneratedMessageLite$MethodToInvoke and java.lang.Enum
WARN  - Can't compare types, unknown hierarchy: com.google.protobuf.GeneratedMessageLite$MethodToInvoke and java.lang.Enum
WARN  - Can't compare types, unknown hierarchy: com.google.protobuf.GeneratedMessageLite$MethodToInvoke and java.lang.Enum
WARN  - Can't compare types, unknown hierarchy: com.google.protobuf.GeneratedMessageLite$MethodToInvoke and java.lang.Enum
WARN  - Can't compare types, unknown hierarchy: com.google.protobuf.GeneratedMessageLite$MethodToInvoke and java.lang.Enum
WARN  - Can't compare types, unknown hierarchy: com.google.protobuf.GeneratedMessageLite$MethodToInvoke and java.lang.Enum
WARN  - Can't compare types, unknown hierarchy: com.google.protobuf.GeneratedMessageLite$MethodToInvoke and java.lang.Enum
WARN  - Can't compare types, unknown hierarchy: com.google.protobuf.GeneratedMessageLite$MethodToInvoke and java.lang.Enum
WARN  - Can't compare types, unknown hierarchy: com.google.protobuf.GeneratedMessageLite$MethodToInvoke and java.lang.Enum
WARN  - Can't compare types, unknown hierarchy: com.google.protobuf.GeneratedMessageLite$MethodToInvoke and java.lang.Enum
WARN  - Can't compare types, unknown hierarchy: com.google.protobuf.GeneratedMessageLite$MethodToInvoke and java.lang.Enum
WARN  - Can't compare types, unknown hierarchy: com.google.protobuf.GeneratedMessageLite$MethodToInvoke and java.lang.Enum
WARN  - Can't compare types, unknown hierarchy: com.google.protobuf.GeneratedMessageLite$MethodToInvoke and java.lang.Enum
WARN  - Can't compare types, unknown hierarchy: com.google.protobuf.GeneratedMessageLite$MethodToInvoke and java.lang.Enum
WARN  - Can't compare types, unknown hierarchy: com.google.protobuf.GeneratedMessageLite$MethodToInvoke and java.lang.Enum
WARN  - Can't compare types, unknown hierarchy: com.google.protobuf.GeneratedMessageLite$MethodToInvoke and java.lang.Enum
WARN  - Can't compare types, unknown hierarchy: com.google.protobuf.GeneratedMessageLite$MethodToInvoke and java.lang.Enum
WARN  - Can't compare types, unknown hierarchy: com.google.protobuf.GeneratedMessageLite$MethodToInvoke and java.lang.Enum
WARN  - Can't compare types, unknown hierarchy: com.google.protobuf.GeneratedMessageLite$MethodToInvoke and java.lang.Enum
WARN  - Can't compare types, unknown hierarchy: com.google.protobuf.GeneratedMessageLite$MethodToInvoke and java.lang.Enum
WARN  - Can't compare types, unknown hierarchy: com.google.protobuf.GeneratedMessageLite$MethodToInvoke and java.lang.Enum
WARN  - Can't compare types, unknown hierarchy: com.google.protobuf.GeneratedMessageLite$MethodToInvoke and java.lang.Enum
WARN  - Can't compare types, unknown hierarchy: com.google.protobuf.GeneratedMessageLite$MethodToInvoke and java.lang.Enum
WARN  - Can't compare types, unknown hierarchy: com.google.protobuf.GeneratedMessageLite$MethodToInvoke and java.lang.Enum
WARN  - Can't compare types, unknown hierarchy: com.google.protobuf.GeneratedMessageLite$MethodToInvoke and java.lang.Enum
WARN  - Can't compare types, unknown hierarchy: com.google.protobuf.GeneratedMessageLite$MethodToInvoke and java.lang.Enum
WARN  - Can't compare types, unknown hierarchy: com.google.protobuf.GeneratedMessageLite$MethodToInvoke and java.lang.Enum
WARN  - Can't compare types, unknown hierarchy: com.google.protobuf.GeneratedMessageLite$MethodToInvoke and java.lang.Enum
WARN  - Can't compare types, unknown hierarchy: com.google.protobuf.GeneratedMessageLite$MethodToInvoke and java.lang.Enum
WARN  - Can't compare types, unknown hierarchy: com.google.protobuf.GeneratedMessageLite$MethodToInvoke and java.lang.Enum
WARN  - Can't compare types, unknown hierarchy: com.google.protobuf.GeneratedMessageLite$MethodToInvoke and java.lang.Enum
WARN  - Can't compare types, unknown hierarchy: com.google.protobuf.GeneratedMessageLite$MethodToInvoke and java.lang.Enum
WARN  - Can't compare types, unknown hierarchy: com.google.protobuf.GeneratedMessageLite$MethodToInvoke and java.lang.Enum
WARN  - Can't compare types, unknown hierarchy: com.google.protobuf.GeneratedMessageLite$MethodToInvoke and java.lang.Enum
WARN  - Can't compare types, unknown hierarchy: com.google.protobuf.GeneratedMessageLite$MethodToInvoke and java.lang.Enum
WARN  - Can't compare types, unknown hierarchy: com.google.protobuf.GeneratedMessageLite$MethodToInvoke and java.lang.Enum
WARN  - Can't compare types, unknown hierarchy: com.google.protobuf.GeneratedMessageLite$MethodToInvoke and java.lang.Enum
WARN  - Can't compare types, unknown hierarchy: com.google.protobuf.GeneratedMessageLite$MethodToInvoke and java.lang.Enum
WARN  - Can't compare types, unknown hierarchy: com.google.protobuf.GeneratedMessageLite$MethodToInvoke and java.lang.Enum
WARN  - Can't compare types, unknown hierarchy: com.google.protobuf.GeneratedMessageLite$MethodToInvoke and java.lang.Enum
WARN  - Can't compare types, unknown hierarchy: com.google.protobuf.GeneratedMessageLite$MethodToInvoke and java.lang.Enum
WARN  - Can't compare types, unknown hierarchy: com.google.protobuf.GeneratedMessageLite$MethodToInvoke and java.lang.Enum
WARN  - Can't compare types, unknown hierarchy: com.google.protobuf.GeneratedMessageLite$MethodToInvoke and java.lang.Enum
WARN  - Can't compare types, unknown hierarchy: com.google.protobuf.GeneratedMessageLite$MethodToInvoke and java.lang.Enum
WARN  - Can't compare types, unknown hierarchy: com.google.protobuf.GeneratedMessageLite$MethodToInvoke and java.lang.Enum
WARN  - Can't compare types, unknown hierarchy: com.google.protobuf.GeneratedMessageLite$MethodToInvoke and java.lang.Enum
WARN  - Can't compare types, unknown hierarchy: com.google.protobuf.GeneratedMessageLite$MethodToInvoke and java.lang.Enum
WARN  - Can't compare types, unknown hierarchy: com.google.protobuf.GeneratedMessageLite$MethodToInvoke and java.lang.Enum
WARN  - Can't compare types, unknown hierarchy: com.google.protobuf.GeneratedMessageLite$MethodToInvoke and java.lang.Enum
WARN  - Can't compare types, unknown hierarchy: com.google.protobuf.GeneratedMessageLite$MethodToInvoke and java.lang.Enum
WARN  - Can't compare types, unknown hierarchy: com.google.protobuf.GeneratedMessageLite$MethodToInvoke and java.lang.Enum
WARN  - Can't compare types, unknown hierarchy: com.google.protobuf.GeneratedMessageLite$MethodToInvoke and java.lang.Enum
WARN  - Can't compare types, unknown hierarchy: com.google.protobuf.GeneratedMessageLite$MethodToInvoke and java.lang.Enum
WARN  - Can't compare types, unknown hierarchy: com.google.protobuf.GeneratedMessageLite$MethodToInvoke and java.lang.Enum
WARN  - Can't compare types, unknown hierarchy: com.google.protobuf.GeneratedMessageLite$MethodToInvoke and java.lang.Enum
WARN  - Can't compare types, unknown hierarchy: com.google.protobuf.GeneratedMessageLite$MethodToInvoke and java.lang.Enum
WARN  - Can't compare types, unknown hierarchy: com.google.protobuf.GeneratedMessageLite$MethodToInvoke and java.lang.Enum
WARN  - Can't compare types, unknown hierarchy: com.google.protobuf.GeneratedMessageLite$MethodToInvoke and java.lang.Enum
WARN  - Can't compare types, unknown hierarchy: com.google.protobuf.GeneratedMessageLite$MethodToInvoke and java.lang.Enum
WARN  - Can't compare types, unknown hierarchy: com.google.protobuf.GeneratedMessageLite$MethodToInvoke and java.lang.Enum
WARN  - Can't compare types, unknown hierarchy: com.google.protobuf.GeneratedMessageLite$MethodToInvoke and java.lang.Enum
WARN  - Can't compare types, unknown hierarchy: com.google.protobuf.GeneratedMessageLite$MethodToInvoke and java.lang.Enum
WARN  - Can't compare types, unknown hierarchy: com.google.protobuf.GeneratedMessageLite$MethodToInvoke and java.lang.Enum
WARN  - Can't compare types, unknown hierarchy: com.google.protobuf.GeneratedMessageLite$MethodToInvoke and java.lang.Enum
WARN  - Can't compare types, unknown hierarchy: com.google.protobuf.GeneratedMessageLite$MethodToInvoke and java.lang.Enum
WARN  - Can't compare types, unknown hierarchy: com.google.protobuf.GeneratedMessageLite$MethodToInvoke and java.lang.Enum
WARN  - Can't compare types, unknown hierarchy: com.google.protobuf.GeneratedMessageLite$MethodToInvoke and java.lang.Enum
WARN  - Can't compare types, unknown hierarchy: com.google.protobuf.GeneratedMessageLite$MethodToInvoke and java.lang.Enum
WARN  - Can't compare types, unknown hierarchy: com.google.protobuf.GeneratedMessageLite$MethodToInvoke and java.lang.Enum
WARN  - Can't compare types, unknown hierarchy: com.google.protobuf.GeneratedMessageLite$MethodToInvoke and java.lang.Enum
WARN  - Can't compare types, unknown hierarchy: com.google.protobuf.GeneratedMessageLite$MethodToInvoke and java.lang.Enum
WARN  - Can't compare types, unknown hierarchy: com.google.protobuf.GeneratedMessageLite$MethodToInvoke and java.lang.Enum
WARN  - Can't compare types, unknown hierarchy: com.google.protobuf.GeneratedMessageLite$MethodToInvoke and java.lang.Enum
WARN  - Can't compare types, unknown hierarchy: com.google.protobuf.GeneratedMessageLite$MethodToInvoke and java.lang.Enum
WARN  - Can't compare types, unknown hierarchy: com.google.protobuf.GeneratedMessageLite$MethodToInvoke and java.lang.Enum
WARN  - Can't compare types, unknown hierarchy: com.google.protobuf.GeneratedMessageLite$MethodToInvoke and java.lang.Enum
WARN  - Can't compare types, unknown hierarchy: com.google.protobuf.GeneratedMessageLite$MethodToInvoke and java.lang.Enum
WARN  - Can't compare types, unknown hierarchy: com.google.protobuf.GeneratedMessageLite$MethodToInvoke and java.lang.Enum
WARN  - Can't compare types, unknown hierarchy: com.google.protobuf.GeneratedMessageLite$MethodToInvoke and java.lang.Enum
WARN  - Can't compare types, unknown hierarchy: com.google.protobuf.GeneratedMessageLite$MethodToInvoke and java.lang.Enum
WARN  - Can't compare types, unknown hierarchy: com.google.protobuf.GeneratedMessageLite$MethodToInvoke and java.lang.Enum
WARN  - Can't compare types, unknown hierarchy: com.google.protobuf.GeneratedMessageLite$MethodToInvoke and java.lang.Enum
WARN  - Can't compare types, unknown hierarchy: com.google.protobuf.GeneratedMessageLite$MethodToInvoke and java.lang.Enum
WARN  - Can't compare types, unknown hierarchy: com.google.protobuf.GeneratedMessageLite$MethodToInvoke and java.lang.Enum
WARN  - Can't compare types, unknown hierarchy: com.google.protobuf.GeneratedMessageLite$MethodToInvoke and java.lang.Enum
WARN  - Can't compare types, unknown hierarchy: com.google.protobuf.GeneratedMessageLite$MethodToInvoke and java.lang.Enum
WARN  - Can't compare types, unknown hierarchy: com.google.protobuf.GeneratedMessageLite$MethodToInvoke and java.lang.Enum
WARN  - Can't compare types, unknown hierarchy: com.google.protobuf.GeneratedMessageLite$MethodToInvoke and java.lang.Enum
WARN  - Can't compare types, unknown hierarchy: com.google.protobuf.GeneratedMessageLite$MethodToInvoke and java.lang.Enum
WARN  - Can't compare types, unknown hierarchy: com.google.protobuf.GeneratedMessageLite$MethodToInvoke and java.lang.Enum
WARN  - Can't compare types, unknown hierarchy: com.google.protobuf.GeneratedMessageLite$MethodToInvoke and java.lang.Enum
WARN  - Can't compare types, unknown hierarchy: com.google.protobuf.GeneratedMessageLite$MethodToInvoke and java.lang.Enum
WARN  - Can't compare types, unknown hierarchy: com.google.protobuf.GeneratedMessageLite$MethodToInvoke and java.lang.Enum
WARN  - Can't compare types, unknown hierarchy: com.google.protobuf.GeneratedMessageLite$MethodToInvoke and java.lang.Enum
WARN  - Can't compare types, unknown hierarchy: com.google.protobuf.GeneratedMessageLite$MethodToInvoke and java.lang.Enum
WARN  - Can't compare types, unknown hierarchy: com.google.protobuf.GeneratedMessageLite$MethodToInvoke and java.lang.Enum
WARN  - Can't compare types, unknown hierarchy: com.google.protobuf.GeneratedMessageLite$MethodToInvoke and java.lang.Enum
WARN  - Can't compare types, unknown hierarchy: com.google.protobuf.GeneratedMessageLite$MethodToInvoke and java.lang.Enum
WARN  - Can't compare types, unknown hierarchy: com.google.protobuf.GeneratedMessageLite$MethodToInvoke and java.lang.Enum
WARN  - Can't compare types, unknown hierarchy: com.google.protobuf.GeneratedMessageLite$MethodToInvoke and java.lang.Enum
WARN  - Can't compare types, unknown hierarchy: com.google.protobuf.GeneratedMessageLite$MethodToInvoke and java.lang.Enum
WARN  - Can't compare types, unknown hierarchy: com.google.protobuf.GeneratedMessageLite$MethodToInvoke and java.lang.Enum
WARN  - Can't compare types, unknown hierarchy: com.google.protobuf.GeneratedMessageLite$MethodToInvoke and java.lang.Enum
WARN  - Can't compare types, unknown hierarchy: com.google.protobuf.GeneratedMessageLite$MethodToInvoke and java.lang.Enum
WARN  - Can't compare types, unknown hierarchy: com.google.protobuf.GeneratedMessageLite$MethodToInvoke and java.lang.Enum
WARN  - Can't compare types, unknown hierarchy: com.google.protobuf.GeneratedMessageLite$MethodToInvoke and java.lang.Enum
WARN  - Can't compare types, unknown hierarchy: com.google.protobuf.GeneratedMessageLite$MethodToInvoke and java.lang.Enum
WARN  - Can't compare types, unknown hierarchy: com.google.protobuf.GeneratedMessageLite$MethodToInvoke and java.lang.Enum
WARN  - Can't compare types, unknown hierarchy: com.google.protobuf.GeneratedMessageLite$MethodToInvoke and java.lang.Enum
WARN  - Can't compare types, unknown hierarchy: com.google.protobuf.GeneratedMessageLite$MethodToInvoke and java.lang.Enum
WARN  - Can't compare types, unknown hierarchy: com.google.protobuf.GeneratedMessageLite$MethodToInvoke and java.lang.Enum
WARN  - Can't compare types, unknown hierarchy: com.google.protobuf.DescriptorProtos$FileOptions and com.google.protobuf.GeneratedMessageLite
WARN  - Can't compare types, unknown hierarchy: com.google.protobuf.GeneratedMessageLite$MethodToInvoke and java.lang.Enum
WARN  - Can't compare types, unknown hierarchy: com.google.protobuf.GeneratedMessageLite$MethodToInvoke and java.lang.Enum
WARN  - Can't compare types, unknown hierarchy: com.google.protobuf.GeneratedMessageLite$MethodToInvoke and java.lang.Enum
WARN  - Can't compare types, unknown hierarchy: com.google.protobuf.GeneratedMessageLite$MethodToInvoke and java.lang.Enum
WARN  - Can't compare types, unknown hierarchy: com.google.protobuf.GeneratedMessageLite$MethodToInvoke and java.lang.Enum
WARN  - Can't compare types, unknown hierarchy: com.google.protobuf.GeneratedMessageLite$MethodToInvoke and java.lang.Enum
WARN  - Can't compare types, unknown hierarchy: com.google.protobuf.GeneratedMessageLite$MethodToInvoke and java.lang.Enum
WARN  - Can't compare types, unknown hierarchy: com.google.protobuf.GeneratedMessageLite$MethodToInvoke and java.lang.Enum
WARN  - Can't compare types, unknown hierarchy: com.google.protobuf.GeneratedMessageLite$MethodToInvoke and java.lang.Enum
WARN  - Can't compare types, unknown hierarchy: com.google.protobuf.GeneratedMessageLite$MethodToInvoke and java.lang.Enum
WARN  - Can't compare types, unknown hierarchy: com.google.protobuf.GeneratedMessageLite$MethodToInvoke and java.lang.Enum
WARN  - Can't compare types, unknown hierarchy: com.google.protobuf.GeneratedMessageLite$MethodToInvoke and java.lang.Enum
WARN  - Can't compare types, unknown hierarchy: com.google.protobuf.GeneratedMessageLite$MethodToInvoke and java.lang.Enum
WARN  - Can't compare types, unknown hierarchy: com.google.protobuf.GeneratedMessageLite$MethodToInvoke and java.lang.Enum
WARN  - Can't compare types, unknown hierarchy: com.google.protobuf.GeneratedMessageLite$MethodToInvoke and java.lang.Enum
WARN  - Can't compare types, unknown hierarchy: com.google.protobuf.GeneratedMessageLite$MethodToInvoke and java.lang.Enum
WARN  - Can't compare types, unknown hierarchy: com.google.protobuf.GeneratedMessageLite$MethodToInvoke and java.lang.Enum
WARN  - Can't compare types, unknown hierarchy: com.google.protobuf.GeneratedMessageLite$MethodToInvoke and java.lang.Enum
WARN  - Can't compare types, unknown hierarchy: com.google.protobuf.GeneratedMessageLite$MethodToInvoke and java.lang.Enum
WARN  - Can't compare types, unknown hierarchy: com.google.protobuf.GeneratedMessageLite$MethodToInvoke and java.lang.Enum
WARN  - Can't compare types, unknown hierarchy: com.google.protobuf.GeneratedMessageLite$MethodToInvoke and java.lang.Enum
WARN  - Can't compare types, unknown hierarchy: com.google.protobuf.GeneratedMessageLite$MethodToInvoke and java.lang.Enum
WARN  - Can't compare types, unknown hierarchy: com.google.protobuf.GeneratedMessageLite$MethodToInvoke and java.lang.Enum
WARN  - Can't compare types, unknown hierarchy: com.google.protobuf.GeneratedMessageLite$MethodToInvoke and java.lang.Enum
WARN  - Can't compare types, unknown hierarchy: com.google.protobuf.GeneratedMessageLite$MethodToInvoke and java.lang.Enum
WARN  - Can't compare types, unknown hierarchy: com.google.protobuf.GeneratedMessageLite$MethodToInvoke and java.lang.Enum
WARN  - Can't compare types, unknown hierarchy: com.google.protobuf.GeneratedMessageLite$MethodToInvoke and java.lang.Enum
WARN  - Can't compare types, unknown hierarchy: com.google.protobuf.GeneratedMessageLite$MethodToInvoke and java.lang.Enum
WARN  - Can't compare types, unknown hierarchy: X.01f and java.util.List
WARN  - Can't compare types, unknown hierarchy: X.Gd3 and X.J03
WARN  - Can't compare types, unknown hierarchy: X.Gcx and X.J03
WARN  - Can't compare types, unknown hierarchy: X.Gd3 and X.J03
WARN  - Can't compare types, unknown hierarchy: X.Gcx and X.J03
WARN  - Can't compare types, unknown hierarchy: X.Gcx and X.J03
WARN  - Can't compare types, unknown hierarchy: X.Gd3 and X.J03
WARN  - Can't compare types, unknown hierarchy: X.Gd3 and X.J03
WARN  - Can't compare types, unknown hierarchy: X.Gcx and X.J03
WARN  - Can't compare types, unknown hierarchy: X.Gcx and X.J03
WARN  - Can't compare types, unknown hierarchy: X.Gd3 and X.J03
WARN  - Can't compare types, unknown hierarchy: X.Gd3 and X.J03
WARN  - Can't compare types, unknown hierarchy: X.Gcx and X.J03
WARN  - Can't compare types, unknown hierarchy: X.Gcx and X.J03
WARN  - Can't compare types, unknown hierarchy: X.Gd3 and X.J03
WARN  - Can't compare types, unknown hierarchy: X.Gcx and X.J03
WARN  - Can't compare types, unknown hierarchy: X.Gcx and X.J03
WARN  - Can't compare types, unknown hierarchy: X.Gd3 and X.J03
WARN  - Can't compare types, unknown hierarchy: X.Gcx and X.J03
WARN  - Can't compare types, unknown hierarchy: X.Gd3 and X.J03
WARN  - Can't compare types, unknown hierarchy: X.Gcx and X.J03
WARN  - Can't compare types, unknown hierarchy: X.Gcx and X.J03
WARN  - Can't compare types, unknown hierarchy: X.Gd3 and X.J03
WARN  - Can't compare types, unknown hierarchy: X.Gcx and X.J03
WARN  - Can't compare types, unknown hierarchy: X.Gcx and X.J03
WARN  - Can't compare types, unknown hierarchy: X.Gd3 and X.J03
WARN  - Can't compare types, unknown hierarchy: X.Gcx and X.J03
WARN  - Can't compare types, unknown hierarchy: X.Gcx and X.J03
WARN  - Can't compare types, unknown hierarchy: X.Gd3 and X.J03
WARN  - Can't compare types, unknown hierarchy: X.Gcx and X.J03
WARN  - Can't compare types, unknown hierarchy: X.Gcx and X.J03
WARN  - Can't compare types, unknown hierarchy: X.Gd3 and X.J03
WARN  - Can't compare types, unknown hierarchy: X.Gd3 and X.J03
WARN  - Can't compare types, unknown hierarchy: X.Gcx and X.J03
WARN  - Can't compare types, unknown hierarchy: X.Gcx and X.J03
WARN  - Can't compare types, unknown hierarchy: X.Gd3 and X.J03
WARN  - Can't compare types, unknown hierarchy: X.Gd3 and X.J03
WARN  - Can't compare types, unknown hierarchy: X.Gcx and X.J03
WARN  - Can't compare types, unknown hierarchy: X.Gcx and X.J03
WARN  - Can't compare types, unknown hierarchy: X.Gd3 and X.J03
WARN  - Can't compare types, unknown hierarchy: X.Gd3 and X.J03
WARN  - Can't compare types, unknown hierarchy: X.Gcx and X.J03
WARN  - Can't compare types, unknown hierarchy: X.Gcx and X.J03
WARN  - Can't compare types, unknown hierarchy: X.Gcx and X.J03
WARN  - Can't compare types, unknown hierarchy: X.Gcx and X.J03
WARN  - Can't compare types, unknown hierarchy: X.Gcx and X.J03
WARN  - Can't compare types, unknown hierarchy: X.Gcx and X.J03
WARN  - Can't compare types, unknown hierarchy: X.Gcx and X.J03
WARN  - Can't compare types, unknown hierarchy: X.Gcx and X.J03
WARN  - Can't compare types, unknown hierarchy: X.Gd3 and X.J03
WARN  - Can't compare types, unknown hierarchy: X.Gcx and X.J03
WARN  - Can't compare types, unknown hierarchy: X.Gcx and X.J03
WARN  - Can't compare types, unknown hierarchy: X.Gcx and X.J03
WARN  - Can't compare types, unknown hierarchy: X.Gd3 and X.J03
WARN  - Can't compare types, unknown hierarchy: X.Gd3 and X.J03
WARN  - Can't compare types, unknown hierarchy: X.Gcx and X.J03
WARN  - Can't compare types, unknown hierarchy: X.Gcx and X.J03
WARN  - Can't compare types, unknown hierarchy: X.Gd3 and X.J03
WARN  - Can't compare types, unknown hierarchy: X.Gcx and X.J03
WARN  - Can't compare types, unknown hierarchy: X.Gcx and X.J03
WARN  - Can't compare types, unknown hierarchy: X.Gd3 and X.J03
WARN  - Can't compare types, unknown hierarchy: X.Gcx and X.J03
WARN  - Can't compare types, unknown hierarchy: X.Gcx and X.J03
WARN  - Can't compare types, unknown hierarchy: X.Gd3 and X.J03
WARN  - Can't compare types, unknown hierarchy: X.Gcx and X.J03
WARN  - Can't compare types, unknown hierarchy: X.Gcx and X.J03
WARN  - Can't compare types, unknown hierarchy: X.Gd3 and X.J03
WARN  - Can't compare types, unknown hierarchy: X.Gcx and X.J03
WARN  - Can't compare types, unknown hierarchy: X.Gd3 and X.J03
WARN  - Can't compare types, unknown hierarchy: X.Gcx and X.J03
WARN  - Can't compare types, unknown hierarchy: X.Gcx and X.J03
WARN  - Can't compare types, unknown hierarchy: X.Gd3 and X.J03
WARN  - Can't compare types, unknown hierarchy: X.Gcx and X.J03
WARN  - Can't compare types, unknown hierarchy: X.Gd3 and X.J03
WARN  - Can't compare types, unknown hierarchy: X.Gcx and X.J03
WARN  - Can't compare types, unknown hierarchy: X.Gcx and X.J03
WARN  - Can't compare types, unknown hierarchy: X.Gd3 and X.J03
WARN  - Can't compare types, unknown hierarchy: X.Gcx and X.J03
WARN  - Can't compare types, unknown hierarchy: X.Gcx and X.J03
WARN  - Can't compare types, unknown hierarchy: X.Gd3 and X.J03
WARN  - Can't compare types, unknown hierarchy: X.Gcx and X.J03
WARN  - Can't compare types, unknown hierarchy: X.Gcx and X.J03
WARN  - Can't compare types, unknown hierarchy: X.Gd3 and X.J03
WARN  - Can't compare types, unknown hierarchy: X.Gcx and X.J03
WARN  - Can't compare types, unknown hierarchy: X.Gcx and X.J03
WARN  - Can't compare types, unknown hierarchy: X.Gd3 and X.J03
WARN  - Can't compare types, unknown hierarchy: X.Gcx and X.J03
WARN  - Can't compare types, unknown hierarchy: X.Gd3 and X.J03
WARN  - Can't compare types, unknown hierarchy: X.Gcx and X.J03
WARN  - Can't compare types, unknown hierarchy: X.Gcx and X.J03
WARN  - Can't compare types, unknown hierarchy: X.Gcx and X.J03
WARN  - Can't compare types, unknown hierarchy: X.Gd3 and X.J03
WARN  - Can't compare types, unknown hierarchy: X.Gcx and X.J03
WARN  - Can't compare types, unknown hierarchy: X.Gd3 and X.J03
WARN  - Can't compare types, unknown hierarchy: X.Gcx and X.J03
WARN  - Can't compare types, unknown hierarchy: X.Gcx and X.J03
WARN  - Can't compare types, unknown hierarchy: X.Gd3 and X.J03
WARN  - Can't compare types, unknown hierarchy: X.Gcx and X.J03
WARN  - Can't compare types, unknown hierarchy: X.Gcx and X.J03
WARN  - Can't compare types, unknown hierarchy: X.Gcx and X.J03
WARN  - Can't compare types, unknown hierarchy: X.Gd3 and X.J03
WARN  - Can't compare types, unknown hierarchy: X.Gcx and X.J03
WARN  - Can't compare types, unknown hierarchy: X.Gd3 and X.J03
WARN  - Can't compare types, unknown hierarchy: X.Gcx and X.J03
WARN  - Can't compare types, unknown hierarchy: X.Gcx and X.J03
WARN  - Can't compare types, unknown hierarchy: X.Gd3 and X.J03
WARN  - Can't compare types, unknown hierarchy: X.Gcx and X.J03
WARN  - Can't compare types, unknown hierarchy: X.Gcx and X.J03
WARN  - Can't compare types, unknown hierarchy: X.Gcx and X.J03
WARN  - Can't compare types, unknown hierarchy: X.Gd3 and X.J03
WARN  - Can't compare types, unknown hierarchy: X.Gcx and X.J03
WARN  - Can't compare types, unknown hierarchy: X.Gcx and X.J03
WARN  - Can't compare types, unknown hierarchy: X.Gd3 and X.J03
WARN  - Can't compare types, unknown hierarchy: X.Gcx and X.J03
WARN  - Can't compare types, unknown hierarchy: X.Gcx and X.J03
WARN  - Can't compare types, unknown hierarchy: X.Gd3 and X.J03
WARN  - Can't compare types, unknown hierarchy: X.Gcx and X.J03
WARN  - Can't compare types, unknown hierarchy: X.Gcx and X.J03
WARN  - Can't compare types, unknown hierarchy: X.Gd3 and X.J03
WARN  - Can't compare types, unknown hierarchy: X.Gcx and X.J03
WARN  - Can't compare types, unknown hierarchy: X.Gcx and X.J03
WARN  - Can't compare types, unknown hierarchy: X.Gd3 and X.J03
WARN  - Can't compare types, unknown hierarchy: X.Gcx and X.J03
WARN  - Can't compare types, unknown hierarchy: X.Gd3 and X.J03
WARN  - Can't compare types, unknown hierarchy: X.Gcx and X.J03
WARN  - Can't compare types, unknown hierarchy: X.Gcx and X.J03
WARN  - Can't compare types, unknown hierarchy: X.Gd3 and X.J03
WARN  - Can't compare types, unknown hierarchy: X.Gcx and X.J03
WARN  - Can't compare types, unknown hierarchy: X.Gcx and X.J03
WARN  - Can't compare types, unknown hierarchy: X.Gd3 and X.J03
WARN  - Can't compare types, unknown hierarchy: X.Gcx and X.J03
WARN  - Can't compare types, unknown hierarchy: X.Gd3 and X.J03
WARN  - Can't compare types, unknown hierarchy: X.Gcx and X.J03
WARN  - Can't compare types, unknown hierarchy: X.Gcx and X.J03
WARN  - Can't compare types, unknown hierarchy: X.Gcx and X.J03
WARN  - Can't compare types, unknown hierarchy: X.Gcx and X.J03
WARN  - Can't compare types, unknown hierarchy: X.Gcx and X.J03
WARN  - Can't compare types, unknown hierarchy: X.Gcx and X.J03
WARN  - Can't compare types, unknown hierarchy: X.Gcx and X.J03
WARN  - Can't compare types, unknown hierarchy: X.Gd3 and X.J03
WARN  - Can't compare types, unknown hierarchy: X.Gcx and X.J03
WARN  - Can't compare types, unknown hierarchy: X.Gd3 and X.J03
WARN  - Can't compare types, unknown hierarchy: X.Gcx and X.J03
WARN  - Can't compare types, unknown hierarchy: X.Gcx and X.J03
WARN  - Can't compare types, unknown hierarchy: X.Gd3 and X.J03
WARN  - Can't compare types, unknown hierarchy: X.Gd3 and X.J03
WARN  - Can't compare types, unknown hierarchy: X.Gd3 and X.J03
WARN  - Can't compare types, unknown hierarchy: X.Gcx and X.J03
WARN  - Can't compare types, unknown hierarchy: X.Gcx and X.J03
WARN  - Can't compare types, unknown hierarchy: X.Gd3 and X.J03
WARN  - Can't compare types, unknown hierarchy: X.Gcx and X.J03
WARN  - Can't compare types, unknown hierarchy: X.Gcx and X.J03
WARN  - Can't compare types, unknown hierarchy: X.Gd3 and X.J03
WARN  - Can't compare types, unknown hierarchy: X.Gcx and X.J03
WARN  - Can't compare types, unknown hierarchy: X.Gcx and X.J03
WARN  - Can't compare types, unknown hierarchy: X.Gd3 and X.J03
WARN  - Can't compare types, unknown hierarchy: X.Gd3 and X.J03
WARN  - Can't compare types, unknown hierarchy: X.Gd3 and X.J03
WARN  - Can't compare types, unknown hierarchy: X.Gd3 and X.J03
WARN  - Can't compare types, unknown hierarchy: X.Gd3 and X.J03
WARN  - Can't compare types, unknown hierarchy: X.Gd3 and X.J03
WARN  - Can't compare types, unknown hierarchy: X.Gcx and X.J03
WARN  - Can't compare types, unknown hierarchy: X.Gcx and X.J03
WARN  - Can't compare types, unknown hierarchy: X.Gd3 and X.J03
WARN  - Can't compare types, unknown hierarchy: X.Gd3 and X.J03
WARN  - Can't compare types, unknown hierarchy: X.Gd3 and X.J03
WARN  - Can't compare types, unknown hierarchy: X.Gcx and X.J03
WARN  - Can't compare types, unknown hierarchy: X.Gd3 and X.J03
WARN  - Can't compare types, unknown hierarchy: X.Gcx and X.J03
WARN  - Can't compare types, unknown hierarchy: X.Gcx and X.J03
WARN  - Can't compare types, unknown hierarchy: X.Gcx and X.J03
WARN  - Can't compare types, unknown hierarchy: X.Gd3 and X.J03
WARN  - Can't compare types, unknown hierarchy: X.Gd3 and X.J03
WARN  - Can't compare types, unknown hierarchy: X.Gcx and X.J03
WARN  - Can't compare types, unknown hierarchy: X.Gcx and X.J03
WARN  - Can't compare types, unknown hierarchy: X.Gd3 and X.J03
WARN  - Can't compare types, unknown hierarchy: X.Gcx and X.J03
WARN  - Can't compare types, unknown hierarchy: X.Gd3 and X.J03
WARN  - Can't compare types, unknown hierarchy: X.Gd3 and X.J03
WARN  - Can't compare types, unknown hierarchy: X.Gcx and X.J03
WARN  - Can't compare types, unknown hierarchy: X.Gcx and X.J03
WARN  - Can't compare types, unknown hierarchy: X.Gd3 and X.J03
WARN  - Can't compare types, unknown hierarchy: X.Gcx and X.J03
WARN  - Can't compare types, unknown hierarchy: X.Gd3 and X.J03
WARN  - Can't compare types, unknown hierarchy: X.Gcx and X.J03
WARN  - Can't compare types, unknown hierarchy: X.Gd3 and X.J03
WARN  - Can't compare types, unknown hierarchy: X.Gcx and X.J03
WARN  - Can't compare types, unknown hierarchy: X.Gcx and X.J03
WARN  - Can't compare types, unknown hierarchy: X.Gcx and X.J03
WARN  - Can't compare types, unknown hierarchy: X.Gd3 and X.J03
WARN  - Can't compare types, unknown hierarchy: X.Gcx and X.J03
WARN  - Can't compare types, unknown hierarchy: X.Gcx and X.J03
WARN  - Can't compare types, unknown hierarchy: X.Gcx and X.J03
WARN  - Can't compare types, unknown hierarchy: X.Gd3 and X.J03
WARN  - Can't compare types, unknown hierarchy: X.Gcx and X.J03
WARN  - Can't compare types, unknown hierarchy: X.Gcx and X.J03
WARN  - Can't compare types, unknown hierarchy: X.Gcx and X.J03
WARN  - Can't compare types, unknown hierarchy: X.Gd3 and X.J03
WARN  - Can't compare types, unknown hierarchy: X.Gcx and X.J03
WARN  - Can't compare types, unknown hierarchy: X.Gcx and X.J03
WARN  - Can't compare types, unknown hierarchy: X.Gcx and X.J03
WARN  - Can't compare types, unknown hierarchy: X.Gd3 and X.J03
WARN  - Can't compare types, unknown hierarchy: X.Gcx and X.J03
WARN  - Can't compare types, unknown hierarchy: X.Gcx and X.J03
WARN  - Can't compare types, unknown hierarchy: X.Gd3 and X.J03
WARN  - Can't compare types, unknown hierarchy: X.Gcx and X.J03
WARN  - Can't compare types, unknown hierarchy: X.Gcx and X.J03
WARN  - Can't compare types, unknown hierarchy: X.Gd3 and X.J03
WARN  - Can't compare types, unknown hierarchy: X.Gcx and X.J03
WARN  - Can't compare types, unknown hierarchy: X.Gcx and X.J03
WARN  - Can't compare types, unknown hierarchy: X.Gcx and X.J03
WARN  - Can't compare types, unknown hierarchy: X.Gd3 and X.J03
WARN  - Can't compare types, unknown hierarchy: X.Gcx and X.J03
WARN  - Can't compare types, unknown hierarchy: X.Gcx and X.J03
WARN  - Can't compare types, unknown hierarchy: X.Gcx and X.J03
WARN  - Can't compare types, unknown hierarchy: X.Gcx and X.J03
WARN  - Can't compare types, unknown hierarchy: X.Gcx and X.J03
WARN  - Can't compare types, unknown hierarchy: X.Gcx and X.J03
WARN  - Can't compare types, unknown hierarchy: X.Gcx and X.J03
WARN  - Can't compare types, unknown hierarchy: X.Gcx and X.J03
WARN  - Can't compare types, unknown hierarchy: X.Gcx and X.J03
WARN  - Can't compare types, unknown hierarchy: X.Gcx and X.J03
WARN  - Can't compare types, unknown hierarchy: X.Gd3 and X.J03
WARN  - Can't compare types, unknown hierarchy: X.Gcx and X.J03
WARN  - Can't compare types, unknown hierarchy: X.Gcx and X.J03
WARN  - Can't compare types, unknown hierarchy: X.Gcx and X.J03
WARN  - Can't compare types, unknown hierarchy: X.Gd3 and X.J03
WARN  - Can't compare types, unknown hierarchy: X.Gcx and X.J03
WARN  - Can't compare types, unknown hierarchy: X.Gcx and X.J03
WARN  - Can't compare types, unknown hierarchy: X.Gcx and X.J03
WARN  - Can't compare types, unknown hierarchy: X.Gcx and X.J03
WARN  - Can't compare types, unknown hierarchy: X.Gcx and X.J03
WARN  - Can't compare types, unknown hierarchy: X.Gcx and X.J03
WARN  - Can't compare types, unknown hierarchy: X.Gcx and X.J03
WARN  - Can't compare types, unknown hierarchy: X.Gcx and X.J03
WARN  - Can't compare types, unknown hierarchy: X.Gcx and X.J03
WARN  - Can't compare types, unknown hierarchy: X.Gcx and X.J03
WARN  - Can't compare types, unknown hierarchy: X.Gcx and X.J03
WARN  - Can't compare types, unknown hierarchy: X.Gcx and X.J03
WARN  - Can't compare types, unknown hierarchy: X.Gcx and X.J03
WARN  - Can't compare types, unknown hierarchy: X.Gd3 and X.J03
WARN  - Can't compare types, unknown hierarchy: X.Gcx and X.J03
WARN  - Can't compare types, unknown hierarchy: X.Gcx and X.J03
WARN  - Can't compare types, unknown hierarchy: X.Gcx and X.J03
WARN  - Can't compare types, unknown hierarchy: X.Gd3 and X.J03
WARN  - Can't compare types, unknown hierarchy: X.Gcx and X.J03
WARN  - Can't compare types, unknown hierarchy: X.Gcx and X.J03
WARN  - Can't compare types, unknown hierarchy: X.Gcx and X.J03
WARN  - Can't compare types, unknown hierarchy: X.Gd3 and X.J03
WARN  - Can't compare types, unknown hierarchy: X.Gd3 and X.J03
WARN  - Can't compare types, unknown hierarchy: X.Gcx and X.J03
WARN  - Can't compare types, unknown hierarchy: X.Gcx and X.J03
WARN  - Can't compare types, unknown hierarchy: X.Gcx and X.J03
WARN  - Can't compare types, unknown hierarchy: X.Gd3 and X.J03
WARN  - Can't compare types, unknown hierarchy: X.Gd3 and X.J03
WARN  - Can't compare types, unknown hierarchy: X.Gd3 and X.J03
WARN  - Can't compare types, unknown hierarchy: X.Gd3 and X.J03
WARN  - Can't compare types, unknown hierarchy: X.Gd3 and X.J03
WARN  - Can't compare types, unknown hierarchy: X.Gd3 and X.J03
WARN  - Can't compare types, unknown hierarchy: X.05j and X.05i
WARN  - Can't compare types, unknown hierarchy: X.GXM and X.Izk
WARN  - Can't compare types, unknown hierarchy: X.GXM and X.Izk
WARN  - Can't compare types, unknown hierarchy: X.GXM and X.Izk
WARN  - Can't compare types, unknown hierarchy: X.GXM and X.Izk
WARN  - Can't compare types, unknown hierarchy: X.GXM and X.Izk
WARN  - Can't compare types, unknown hierarchy: X.GXM and X.Izk
WARN  - Can't compare types, unknown hierarchy: X.GXM and X.Izk
WARN  - Can't compare types, unknown hierarchy: X.GXM and X.Izk
WARN  - Can't compare types, unknown hierarchy: X.GXM and X.Izk
WARN  - Can't compare types, unknown hierarchy: X.GXM and X.Izk
WARN  - Can't compare types, unknown hierarchy: X.GXM and X.Izk
WARN  - Can't compare types, unknown hierarchy: X.GXM and X.Izk
WARN  - Can't compare types, unknown hierarchy: X.GXM and X.Izk
WARN  - Can't compare types, unknown hierarchy: X.Onp and java.util.HashMap
WARN  - Can't compare types, unknown hierarchy: X.Onp and java.util.HashMap
WARN  - Can't compare types, unknown hierarchy: X.GXM and X.Izk
WARN  - Can't compare types, unknown hierarchy: X.GXM and X.Izk
WARN  - Can't compare types, unknown hierarchy: X.GXM and X.Izk
WARN  - Can't compare types, unknown hierarchy: X.GXM and X.Izk
WARN  - Can't compare types, unknown hierarchy: X.GXM and X.Izk
WARN  - Can't compare types, unknown hierarchy: X.GXM and X.Izk
WARN  - Can't compare types, unknown hierarchy: X.GXM and X.Izk
WARN  - Can't compare types, unknown hierarchy: X.GXM and X.Izk
WARN  - Can't compare types, unknown hierarchy: X.GXM and X.Izk
WARN  - Can't compare types, unknown hierarchy: X.GXM and X.Izk
WARN  - Can't compare types, unknown hierarchy: X.GXM and X.Izk
WARN  - Can't compare types, unknown hierarchy: X.GXM and X.Izk
WARN  - Can't compare types, unknown hierarchy: X.GXM and X.Izk
WARN  - Can't compare types, unknown hierarchy: X.GXM and X.Izk
WARN  - Can't compare types, unknown hierarchy: X.GXM and X.Izk
WARN  - Can't compare types, unknown hierarchy: X.GXM and X.Izk
WARN  - Can't compare types, unknown hierarchy: X.GXM and X.Izk
WARN  - Can't compare types, unknown hierarchy: X.GXM and X.Izk
WARN  - Can't compare types, unknown hierarchy: X.GXM and X.Izk
WARN  - Can't compare types, unknown hierarchy: X.GXM and X.Izk
WARN  - Can't compare types, unknown hierarchy: X.GXM and X.Izk
WARN  - Can't compare types, unknown hierarchy: X.GXM and X.Izk
WARN  - Can't compare types, unknown hierarchy: X.GXM and X.Izk
WARN  - Can't compare types, unknown hierarchy: X.JVg and java.util.Set
WARN  - Can't compare types, unknown hierarchy: X.JVg and java.util.Set
WARN  - Can't compare types, unknown hierarchy: X.JVe and java.util.Set
INFO  - progress: 307 of 325 (94%)WARN  - Can't compare types, unknown hierarchy: X.NBJ and java.lang.Throwable
WARN  - Can't compare types, unknown hierarchy: X.0Px and java.util.Set
WARN  - Can't compare types, unknown hierarchy: X.NBK and java.lang.Throwable
WARN  - Can't compare types, unknown hierarchy: X.05B and X.00s
WARN  - Can't compare types, unknown hierarchy: X.05B and X.00s
WARN  - Can't compare types, unknown hierarchy: X.05F and X.00s
WARN  - Can't compare types, unknown hierarchy: X.05B and X.00s
WARN  - Can't compare types, unknown hierarchy: X.05F and X.00s
WARN  - Can't compare types, unknown hierarchy: X.05B and X.00s
WARN  - Can't compare types, unknown hierarchy: X.05B and X.00s
WARN  - Can't compare types, unknown hierarchy: X.NBJ and java.lang.Throwable
WARN  - Can't compare types, unknown hierarchy: X.MvP and X.0BP
WARN  - Can't compare types, unknown hierarchy: X.NBK and java.lang.Throwable
WARN  - Can't compare types, unknown hierarchy: X.JVe and java.util.Set
ERROR - JadxRuntimeException in pass: RegionMakerVisitor in method: X.PNn.A06():void, file: C:\Users\Dell\Downloads\indianchat-extracted\_dex\classes12.dex
jadx.core.utils.exceptions.JadxRuntimeException: Not found exit edge by exit block: B:31:0x0097
	at jadx.core.dex.visitors.regions.maker.LoopRegionMaker.checkLoopExits(LoopRegionMaker.java:272)
	at jadx.core.dex.visitors.regions.maker.LoopRegionMaker.makeLoopRegion(LoopRegionMaker.java:237)
	at jadx.core.dex.visitors.regions.maker.LoopRegionMaker.process(LoopRegionMaker.java:80)
	at jadx.core.dex.visitors.regions.maker.RegionMaker.traverse(RegionMaker.java:92)
	at jadx.core.dex.visitors.regions.maker.RegionMaker.makeRegion(RegionMaker.java:69)
	at jadx.core.dex.visitors.regions.maker.SwitchRegionMaker.addCases(SwitchRegionMaker.java:127)
	at jadx.core.dex.visitors.regions.maker.SwitchRegionMaker.process(SwitchRegionMaker.java:75)
	at jadx.core.dex.visitors.regions.maker.RegionMaker.traverse(RegionMaker.java:115)
	at jadx.core.dex.visitors.regions.maker.RegionMaker.makeRegion(RegionMaker.java:69)
	at jadx.core.dex.visitors.regions.maker.IfRegionMaker.process(IfRegionMaker.java:111)
	at jadx.core.dex.visitors.regions.maker.RegionMaker.traverse(RegionMaker.java:109)
	at jadx.core.dex.visitors.regions.maker.RegionMaker.makeRegion(RegionMaker.java:69)
	at jadx.core.dex.visitors.regions.maker.IfRegionMaker.process(IfRegionMaker.java:117)
	at jadx.core.dex.visitors.regions.maker.RegionMaker.traverse(RegionMaker.java:109)
	at jadx.core.dex.visitors.regions.maker.RegionMaker.makeRegion(RegionMaker.java:69)
	at jadx.core.dex.visitors.regions.maker.IfRegionMaker.process(IfRegionMaker.java:111)
	at jadx.core.dex.visitors.regions.maker.RegionMaker.traverse(RegionMaker.java:109)
	at jadx.core.dex.visitors.regions.maker.RegionMaker.makeRegion(RegionMaker.java:69)
	at jadx.core.dex.visitors.regions.maker.RegionMaker.makeMthRegion(RegionMaker.java:49)
	at jadx.core.dex.visitors.regions.RegionMakerVisitor.visit(RegionMakerVisitor.java:25)
	at jadx.core.dex.visitors.DepthTraversal.visit(DepthTraversal.java:25)
	at jadx.core.dex.visitors.DepthTraversal.lambda$visit$1(DepthTraversal.java:13)
	at java.base/java.util.ArrayList.forEach(ArrayList.java:1596)
	at jadx.core.dex.visitors.DepthTraversal.visit(DepthTraversal.java:13)
	at jadx.core.ProcessClass.process(ProcessClass.java:83)
	at jadx.core.ProcessClass.generateCode(ProcessClass.java:127)
	at jadx.core.dex.nodes.ClassNode.generateClassCode(ClassNode.java:405)
	at jadx.core.dex.nodes.ClassNode.decompile(ClassNode.java:393)
	at jadx.core.dex.nodes.ClassNode.getCode(ClassNode.java:343)
	at jadx.api.JadxDecompiler.lambda$appendSourcesSave$1(JadxDecompiler.java:412)
	at jadx.core.utils.tasks.TaskExecutor.wrapTask(TaskExecutor.java:198)
	at jadx.core.utils.tasks.TaskExecutor.lambda$runStages$0(TaskExecutor.java:179)
	at java.base/java.util.concurrent.ThreadPoolExecutor.runWorker(ThreadPoolExecutor.java:1144)
	at java.base/java.util.concurrent.ThreadPoolExecutor$Worker.run(ThreadPoolExecutor.java:642)
	at java.base/java.lang.Thread.run(Thread.java:1583)
WARN  - Can't compare types, unknown hierarchy: X.7QB and java.lang.Enum
WARN  - Can't compare types, unknown hierarchy: X.23o and java.lang.Throwable
WARN  - Can't compare types, unknown hierarchy: X.7Pq and java.lang.Enum
WARN  - Can't compare types, unknown hierarchy: X.4da and X.1ol
WARN  - Can't compare types, unknown hierarchy: X.4da and X.1ol
WARN  - Can't compare types, unknown hierarchy: X.4da and X.1ol
WARN  - Can't compare types, unknown hierarchy: X.1ol and X.4da
WARN  - Can't compare types, unknown hierarchy: X.1ol and X.4da
WARN  - Can't compare types, unknown hierarchy: X.23o and java.lang.Throwable
WARN  - Can't compare types, unknown hierarchy: X.4da and X.1ol
WARN  - Can't compare types, unknown hierarchy: X.4da and X.1ol
WARN  - Can't compare types, unknown hierarchy: X.4da and X.1ol
WARN  - Can't compare types, unknown hierarchy: X.23o and java.lang.Throwable
ERROR - JadxRuntimeException in pass: RegionMakerVisitor in method: X.PNn.A06():void, file: C:\Users\Dell\Downloads\indianchat-extracted\_dex\classes12.dex
jadx.core.utils.exceptions.JadxRuntimeException: Not found exit edge by exit block: B:31:0x0097
	at jadx.core.dex.visitors.regions.maker.LoopRegionMaker.checkLoopExits(LoopRegionMaker.java:272)
	at jadx.core.dex.visitors.regions.maker.LoopRegionMaker.makeLoopRegion(LoopRegionMaker.java:237)
	at jadx.core.dex.visitors.regions.maker.LoopRegionMaker.process(LoopRegionMaker.java:80)
	at jadx.core.dex.visitors.regions.maker.RegionMaker.traverse(RegionMaker.java:92)
	at jadx.core.dex.visitors.regions.maker.RegionMaker.makeRegion(RegionMaker.java:69)
	at jadx.core.dex.visitors.regions.maker.SwitchRegionMaker.addCases(SwitchRegionMaker.java:127)
	at jadx.core.dex.visitors.regions.maker.SwitchRegionMaker.process(SwitchRegionMaker.java:75)
	at jadx.core.dex.visitors.regions.maker.RegionMaker.traverse(RegionMaker.java:115)
	at jadx.core.dex.visitors.regions.maker.RegionMaker.makeRegion(RegionMaker.java:69)
	at jadx.core.dex.visitors.regions.maker.IfRegionMaker.process(IfRegionMaker.java:111)
	at jadx.core.dex.visitors.regions.maker.RegionMaker.traverse(RegionMaker.java:109)
	at jadx.core.dex.visitors.regions.maker.RegionMaker.makeRegion(RegionMaker.java:69)
	at jadx.core.dex.visitors.regions.maker.IfRegionMaker.process(IfRegionMaker.java:117)
	at jadx.core.dex.visitors.regions.maker.RegionMaker.traverse(RegionMaker.java:109)
	at jadx.core.dex.visitors.regions.maker.RegionMaker.makeRegion(RegionMaker.java:69)
	at jadx.core.dex.visitors.regions.maker.IfRegionMaker.process(IfRegionMaker.java:111)
	at jadx.core.dex.visitors.regions.maker.RegionMaker.traverse(RegionMaker.java:109)
	at jadx.core.dex.visitors.regions.maker.RegionMaker.makeRegion(RegionMaker.java:69)
	at jadx.core.dex.visitors.regions.maker.RegionMaker.makeMthRegion(RegionMaker.java:49)
	at jadx.core.dex.visitors.regions.RegionMakerVisitor.visit(RegionMakerVisitor.java:25)
	at jadx.core.dex.visitors.DepthTraversal.visit(DepthTraversal.java:25)
	at jadx.core.dex.visitors.DepthTraversal.lambda$visit$1(DepthTraversal.java:13)
	at java.base/java.util.ArrayList.forEach(ArrayList.java:1596)
	at jadx.core.dex.visitors.DepthTraversal.visit(DepthTraversal.java:13)
	at jadx.core.ProcessClass.process(ProcessClass.java:83)
	at jadx.core.ProcessClass.generateCode(ProcessClass.java:119)
	at jadx.core.dex.nodes.ClassNode.generateClassCode(ClassNode.java:405)
	at jadx.core.dex.nodes.ClassNode.decompile(ClassNode.java:393)
	at jadx.core.dex.nodes.ClassNode.getCode(ClassNode.java:343)
	at jadx.api.JadxDecompiler.lambda$appendSourcesSave$1(JadxDecompiler.java:412)
	at jadx.core.utils.tasks.TaskExecutor.wrapTask(TaskExecutor.java:198)
	at jadx.core.utils.tasks.TaskExecutor.lambda$runStages$0(TaskExecutor.java:179)
	at java.base/java.util.concurrent.ThreadPoolExecutor.runWorker(ThreadPoolExecutor.java:1144)
	at java.base/java.util.concurrent.ThreadPoolExecutor$Worker.run(ThreadPoolExecutor.java:642)
	at java.base/java.lang.Thread.run(Thread.java:1583)
INFO  - progress: 317 of 325 (97%)ERROR - JadxRuntimeException in pass: RegionMakerVisitor in method: X.PMY.A00(X.MM8, byte[], byte[], byte[], long):int, file: C:\Users\Dell\Downloads\indianchat-extracted\_dex\classes12.dex
jadx.core.utils.exceptions.JadxRuntimeException: Not found exit edge by exit block: B:19:0x0149
	at jadx.core.dex.visitors.regions.maker.LoopRegionMaker.checkLoopExits(LoopRegionMaker.java:272)
	at jadx.core.dex.visitors.regions.maker.LoopRegionMaker.makeLoopRegion(LoopRegionMaker.java:237)
	at jadx.core.dex.visitors.regions.maker.LoopRegionMaker.process(LoopRegionMaker.java:80)
	at jadx.core.dex.visitors.regions.maker.RegionMaker.traverse(RegionMaker.java:92)
	at jadx.core.dex.visitors.regions.maker.RegionMaker.makeRegion(RegionMaker.java:69)
	at jadx.core.dex.visitors.regions.maker.IfRegionMaker.process(IfRegionMaker.java:117)
	at jadx.core.dex.visitors.regions.maker.RegionMaker.traverse(RegionMaker.java:109)
	at jadx.core.dex.visitors.regions.maker.RegionMaker.makeRegion(RegionMaker.java:69)
	at jadx.core.dex.visitors.regions.maker.IfRegionMaker.process(IfRegionMaker.java:111)
	at jadx.core.dex.visitors.regions.maker.RegionMaker.traverse(RegionMaker.java:109)
	at jadx.core.dex.visitors.regions.maker.RegionMaker.makeRegion(RegionMaker.java:69)
	at jadx.core.dex.visitors.regions.maker.RegionMaker.makeMthRegion(RegionMaker.java:49)
	at jadx.core.dex.visitors.regions.RegionMakerVisitor.visit(RegionMakerVisitor.java:25)
	at jadx.core.dex.visitors.DepthTraversal.visit(DepthTraversal.java:25)
	at jadx.core.dex.visitors.DepthTraversal.lambda$visit$1(DepthTraversal.java:13)
	at java.base/java.util.ArrayList.forEach(ArrayList.java:1596)
	at jadx.core.dex.visitors.DepthTraversal.visit(DepthTraversal.java:13)
	at jadx.core.ProcessClass.process(ProcessClass.java:83)
	at jadx.core.ProcessClass.generateCode(ProcessClass.java:127)
	at jadx.core.dex.nodes.ClassNode.generateClassCode(ClassNode.java:405)
	at jadx.core.dex.nodes.ClassNode.decompile(ClassNode.java:393)
	at jadx.core.dex.nodes.ClassNode.getCode(ClassNode.java:343)
	at jadx.api.JadxDecompiler.lambda$appendSourcesSave$1(JadxDecompiler.java:412)
	at jadx.core.utils.tasks.TaskExecutor.wrapTask(TaskExecutor.java:198)
	at jadx.core.utils.tasks.TaskExecutor.lambda$runStages$0(TaskExecutor.java:179)
	at java.base/java.util.concurrent.ThreadPoolExecutor.runWorker(ThreadPoolExecutor.java:1144)
	at java.base/java.util.concurrent.ThreadPoolExecutor$Worker.run(ThreadPoolExecutor.java:642)
	at java.base/java.lang.Thread.run(Thread.java:1583)
ERROR - JadxRuntimeException in pass: RegionMakerVisitor in method: X.PMY.A00(X.MM8, byte[], byte[], byte[], long):int, file: C:\Users\Dell\Downloads\indianchat-extracted\_dex\classes12.dex
jadx.core.utils.exceptions.JadxRuntimeException: Not found exit edge by exit block: B:19:0x0149
	at jadx.core.dex.visitors.regions.maker.LoopRegionMaker.checkLoopExits(LoopRegionMaker.java:272)
	at jadx.core.dex.visitors.regions.maker.LoopRegionMaker.makeLoopRegion(LoopRegionMaker.java:237)
	at jadx.core.dex.visitors.regions.maker.LoopRegionMaker.process(LoopRegionMaker.java:80)
	at jadx.core.dex.visitors.regions.maker.RegionMaker.traverse(RegionMaker.java:92)
	at jadx.core.dex.visitors.regions.maker.RegionMaker.makeRegion(RegionMaker.java:69)
	at jadx.core.dex.visitors.regions.maker.IfRegionMaker.process(IfRegionMaker.java:117)
	at jadx.core.dex.visitors.regions.maker.RegionMaker.traverse(RegionMaker.java:109)
	at jadx.core.dex.visitors.regions.maker.RegionMaker.makeRegion(RegionMaker.java:69)
	at jadx.core.dex.visitors.regions.maker.IfRegionMaker.process(IfRegionMaker.java:111)
	at jadx.core.dex.visitors.regions.maker.RegionMaker.traverse(RegionMaker.java:109)
	at jadx.core.dex.visitors.regions.maker.RegionMaker.makeRegion(RegionMaker.java:69)
	at jadx.core.dex.visitors.regions.maker.RegionMaker.makeMthRegion(RegionMaker.java:49)
	at jadx.core.dex.visitors.regions.RegionMakerVisitor.visit(RegionMakerVisitor.java:25)
	at jadx.core.dex.visitors.DepthTraversal.visit(DepthTraversal.java:25)
	at jadx.core.dex.visitors.DepthTraversal.lambda$visit$1(DepthTraversal.java:13)
	at java.base/java.util.ArrayList.forEach(ArrayList.java:1596)
	at jadx.core.dex.visitors.DepthTraversal.visit(DepthTraversal.java:13)
	at jadx.core.ProcessClass.process(ProcessClass.java:83)
	at jadx.core.ProcessClass.generateCode(ProcessClass.java:119)
	at jadx.core.dex.nodes.ClassNode.generateClassCode(ClassNode.java:405)
	at jadx.core.dex.nodes.ClassNode.decompile(ClassNode.java:393)
	at jadx.core.dex.nodes.ClassNode.getCode(ClassNode.java:343)
	at jadx.api.JadxDecompiler.lambda$appendSourcesSave$1(JadxDecompiler.java:412)
	at jadx.core.utils.tasks.TaskExecutor.wrapTask(TaskExecutor.java:198)
	at jadx.core.utils.tasks.TaskExecutor.lambda$runStages$0(TaskExecutor.java:179)
	at java.base/java.util.concurrent.ThreadPoolExecutor.runWorker(ThreadPoolExecutor.java:1144)
	at java.base/java.util.concurrent.ThreadPoolExecutor$Worker.run(ThreadPoolExecutor.java:642)
	at java.base/java.lang.Thread.run(Thread.java:1583)
WARN  - Can't compare types, unknown hierarchy: X.GXM and X.Izk
WARN  - Can't compare types, unknown hierarchy: X.GXM and X.Izk
WARN  - Can't compare types, unknown hierarchy: X.GXM and X.Izk
WARN  - Can't compare types, unknown hierarchy: X.GXM and X.Izk
WARN  - Can't compare types, unknown hierarchy: X.GXM and X.Izk
WARN  - Can't compare types, unknown hierarchy: X.GXM and X.Izk
WARN  - Can't compare types, unknown hierarchy: X.GXM and X.Izk
WARN  - Can't compare types, unknown hierarchy: X.GXM and X.Izk
WARN  - Can't compare types, unknown hierarchy: X.GXM and X.Izk
WARN  - Can't compare types, unknown hierarchy: X.GXM and X.Izk
WARN  - Can't compare types, unknown hierarchy: X.GXM and X.Izk
WARN  - Can't compare types, unknown hierarchy: X.GXM and X.Izk
WARN  - Can't compare types, unknown hierarchy: X.GXM and X.Izk
WARN  - Can't compare types, unknown hierarchy: X.GXM and X.Izk
WARN  - Can't compare types, unknown hierarchy: X.GXM and X.Izk
WARN  - Can't compare types, unknown hierarchy: X.GXM and X.Izk
WARN  - Can't compare types, unknown hierarchy: X.GXM and X.Izk
WARN  - Can't compare types, unknown hierarchy: X.GXM and X.Izk
WARN  - Can't compare types, unknown hierarchy: X.GXM and X.Izk
WARN  - Can't compare types, unknown hierarchy: X.GXM and X.Izk
WARN  - Can't compare types, unknown hierarchy: X.GXM and X.Izk
WARN  - Can't compare types, unknown hierarchy: X.GXM and X.Izk
WARN  - Can't compare types, unknown hierarchy: X.GXM and X.Izk
WARN  - Can't compare types, unknown hierarchy: X.GXM and X.Izk
WARN  - Can't compare types, unknown hierarchy: X.GXM and X.Izk
WARN  - Can't compare types, unknown hierarchy: X.GXM and X.Izk
WARN  - Can't compare types, unknown hierarchy: X.GXM and X.Izk
WARN  - Can't compare types, unknown hierarchy: X.GXM and X.Izk
WARN  - Can't compare types, unknown hierarchy: X.GXM and X.Izk
WARN  - Can't compare types, unknown hierarchy: X.GXM and X.Izk
WARN  - Can't compare types, unknown hierarchy: X.GXM and X.Izk
WARN  - Can't compare types, unknown hierarchy: X.GXM and X.Izk
WARN  - Can't compare types, unknown hierarchy: X.GXM and X.Izk
WARN  - Can't compare types, unknown hierarchy: X.GXM and X.Izk
WARN  - Can't compare types, unknown hierarchy: X.GXM and X.Izk
WARN  - Can't compare types, unknown hierarchy: X.GXM and X.Izk
INFO  - progress: 324 of 325 (99%)WARN  - Can't compare types, unknown hierarchy: X.NBJ and java.lang.Throwable
WARN  - Can't compare types, unknown hierarchy: X.NBK and java.lang.Throwable
WARN  - Can't compare types, unknown hierarchy: X.NBJ and java.lang.Throwable
WARN  - Can't compare types, unknown hierarchy: X.NBK and java.lang.Throwable
INFO  - progress: 324 of 325 (99%)WARN  - Code restructure failed: missing block: B:64:0x00f1, code lost:

    if (r6 == 8388608) goto L65;
 in method: X.PNo.A0A(X.PNp, int[], int, int):void, file: C:\Users\Dell\Downloads\indianchat-extracted\_dex\classes12.dex
WARN  - Code restructure failed: missing block: B:74:0x018b, code lost:

    if (r1.charAt(0) == '[') goto L122;
 in method: X.PNo.A0D(X.PNl, X.PNp, int, int):void, file: C:\Users\Dell\Downloads\indianchat-extracted\_dex\classes12.dex
                                                             WARN  - Found 49 references to unknown classes
ERROR - 6 errors occurred in following nodes:
ERROR -   Method: X.PMY.A00(X.MM8, byte[], byte[], byte[], long):int
ERROR -   Method: X.PNe.A02(short):void
ERROR -   Method: X.PNn.A06():void
WARN  - 6 warnings in 3 nodes
ERROR - finished with errors, count: 6
